instance,start_city,cost,runtime,min_route
Dane_TSP_48.xlsx,0,12692.0,0.4382654579821974,0-1-9-38-31-44-18-7-28-36-30-6-37-19-27-43-17-33-46-15-12-11-23-14-25-13-21-47-20-40-3-22-16-41-34-29-5-48-39-32-24-10-42-26-4-35-45-2-8
Dane_TSP_48.xlsx,1,13531.0,0.00016095899627543986,1-0-2-29-5-48-39-32-21-47-11-23-14-25-13-12-15-33-46-44-18-7-28-36-30-6-37-19-27-43-17-20-40-9-38-31-8-22-16-3-34-41-42-10-24-45-35-26-4
Dane_TSP_48.xlsx,2,13926.0,0.00012612499995157123,2-0-1-9-38-31-44-18-7-28-36-30-6-37-19-27-43-17-33-46-15-12-11-23-14-25-13-21-47-20-40-3-22-16-41-34-29-5-48-39-32-24-10-42-26-4-35-45-8
Dane_TSP_48.xlsx,3,13035.0,0.0001179169921670109,3-0-1-9-38-31-44-18-7-28-36-30-6-37-19-27-43-17-33-46-15-12-11-23-14-25-13-21-47-20-40-22-16-41-34-29-5-48-39-32-24-10-42-26-4-35-45-2-8
Dane_TSP_48.xlsx,4,14745.0,0.00011695802095346153,4-0-1-9-38-31-44-18-7-28-36-30-6-37-19-27-43-17-33-46-15-12-11-23-14-25-13-21-47-20-40-3-22-16-41-34-29-5-48-39-32-24-10-42-26-35-45-2-8
Dane_TSP_48.xlsx,5,14017.0,0.00011529200128279626,5-0-1-9-38-31-44-18-7-28-36-30-6-37-19-27-43-17-33-46-15-12-11-23-14-25-13-21-47-20-40-3-22-16-41-34-29-48-39-32-24-10-42-26-4-35-45-2-8
Dane_TSP_48.xlsx,6,13764.0,0.00011458300286903977,6-0-1-9-38-31-44-18-7-28-36-30-27-19-37-43-17-33-46-15-12-11-23-14-25-13-21-47-20-40-3-22-16-41-34-29-5-48-39-32-24-10-42-26-4-35-45-2-8
Dane_TSP_48.xlsx,7,13479.0,0.00011420800001360476,7-0-1-9-38-31-44-18-36-28-6-37-19-27-43-30-17-33-46-15-12-11-23-14-25-13-21-47-20-40-3-22-16-41-34-29-5-48-39-32-24-10-42-26-4-35-45-2-8
Dane_TSP_48.xlsx,8,12692.0,0.00011462499969638884,8-0-1-9-38-31-44-18-7-28-36-30-6-37-19-27-43-17-33-46-15-12-11-23-14-25-13-21-47-20-40-3-22-16-41-34-29-5-48-39-32-24-10-42-26-4-35-45-2
Dane_TSP_48.xlsx,9,12791.0,0.00011391701991669834,9-0-1-8-38-31-44-18-7-28-36-30-6-37-19-27-43-17-33-46-15-12-11-23-14-25-13-21-47-20-40-3-22-16-41-34-29-5-48-39-32-24-10-42-26-4-35-45-2
Dane_TSP_48.xlsx,10,14470.0,0.00011654099216684699,10-0-1-9-38-31-44-18-7-28-36-30-6-37-19-27-43-17-33-46-15-12-11-23-14-25-13-21-47-20-40-3-22-16-41-34-29-5-48-39-32-24-42-26-4-35-45-2-8
Dane_TSP_48.xlsx,11,12970.0,0.00011558301048353314,11-0-1-9-38-31-44-18-7-28-36-30-6-37-19-27-43-17-33-46-15-12-20-47-21-13-25-14-23-3-22-16-41-34-29-5-48-39-32-24-10-42-26-4-35-45-2-40-8
Dane_TSP_48.xlsx,12,13395.0,0.00011449999874457717,12-0-1-9-38-31-44-18-7-28-36-30-6-37-19-27-43-17-33-46-15-40-11-23-14-25-13-21-47-20-3-22-16-41-34-29-5-48-39-32-24-10-42-26-4-35-45-2-8
Dane_TSP_48.xlsx,13,13046.0,0.00011462499969638884,13-0-1-9-38-31-44-18-7-28-36-30-6-37-19-27-43-17-33-46-15-12-11-23-14-25-39-32-21-47-20-40-3-22-16-41-34-29-5-48-42-10-24-45-35-26-4-2-8
Dane_TSP_48.xlsx,14,13062.0,0.00011449999874457717,14-0-1-9-38-31-44-18-7-28-36-30-6-37-19-27-43-17-33-46-15-12-11-23-13-25-39-32-21-47-20-40-3-22-16-41-34-29-5-48-42-10-24-45-35-26-4-2-8
Dane_TSP_48.xlsx,15,13190.0,0.00011466600699350238,15-0-1-9-38-31-44-18-7-28-36-30-6-37-19-27-43-17-33-46-12-11-23-14-25-13-21-47-20-40-3-22-16-41-34-29-5-48-39-32-24-10-42-26-4-35-45-2-8
Dane_TSP_48.xlsx,16,12946.0,0.00011441699462011456,16-0-1-9-38-31-44-18-7-28-36-30-6-37-19-27-43-17-33-46-15-12-11-23-14-25-13-21-47-20-40-3-22-8-41-34-29-5-48-39-32-24-10-42-26-4-35-45-2
Dane_TSP_48.xlsx,17,13665.0,0.00011441699462011456,17-0-1-9-38-31-44-18-7-28-36-30-6-37-19-27-43-20-33-46-15-12-11-23-14-25-13-21-47-40-3-22-16-41-34-29-5-48-39-32-24-10-42-26-4-35-45-2-8
Dane_TSP_48.xlsx,18,13426.0,0.00011345799430273473,18-0-1-9-38-31-44-7-28-36-30-6-37-19-27-43-17-33-46-15-12-11-23-14-25-13-21-47-20-40-3-22-16-41-34-29-5-48-39-32-24-10-42-26-4-35-45-2-8
Dane_TSP_48.xlsx,19,13797.0,0.0001137500221375376,19-0-1-9-38-31-44-18-7-28-36-30-6-37-27-43-17-33-46-15-12-11-23-14-25-13-21-47-20-40-3-22-16-41-34-29-5-48-39-32-24-10-42-26-4-35-45-2-8
Dane_TSP_48.xlsx,20,13331.0,0.00011433300096541643,20-0-1-9-38-31-44-18-7-28-36-30-6-37-19-27-43-17-33-46-15-12-11-23-14-25-13-21-47-40-3-22-16-41-34-29-5-48-39-32-24-10-42-26-4-35-45-2-8
Dane_TSP_48.xlsx,21,13591.0,0.0001152500044554472,21-0-1-9-38-31-44-18-7-28-36-30-6-37-19-27-43-17-33-46-15-12-11-23-14-25-13-47-20-40-3-22-16-41-34-29-5-48-39-32-24-10-42-26-4-35-45-2-8
Dane_TSP_48.xlsx,22,13032.0,0.00011533399811014533,22-0-1-9-38-31-44-18-7-28-36-30-6-37-19-27-43-17-33-46-15-12-11-23-14-25-13-21-47-20-40-3-16-41-34-29-5-48-39-32-24-10-42-26-4-35-45-2-8
Dane_TSP_48.xlsx,23,13439.0,0.00011637498391792178,23-0-1-9-38-31-44-18-7-28-36-30-6-37-19-27-43-17-33-46-15-12-11-47-21-13-25-14-34-3-22-16-41-29-5-48-39-32-24-10-42-26-4-35-45-2-40-8-20
Dane_TSP_48.xlsx,24,13996.0,0.00011466699652373791,24-0-1-9-38-31-44-18-7-28-36-30-6-37-19-27-43-17-33-46-15-12-11-23-14-25-13-21-47-20-40-3-22-16-41-34-29-5-48-39-32-42-10-35-45-26-4-2-8
Dane_TSP_48.xlsx,25,13606.0,0.00011537500540725887,25-0-1-9-38-31-44-18-7-28-36-30-6-37-19-27-43-17-33-46-15-12-11-23-14-13-21-47-20-40-3-22-16-41-34-29-5-48-39-32-24-10-42-26-4-35-45-2-8
Dane_TSP_48.xlsx,26,15003.0,0.0001271250075660646,26-0-1-9-38-31-44-18-7-28-36-30-6-37-19-27-43-17-33-46-15-12-11-23-14-25-13-21-47-20-40-3-22-16-41-34-29-5-48-39-32-24-10-42-2-4-35-45-8
Dane_TSP_48.xlsx,27,13693.0,0.00011516700033098459,27-0-1-9-38-31-44-18-7-28-36-30-6-37-19-17-43-20-33-46-15-12-11-23-14-25-13-21-47-40-3-22-16-41-34-29-5-48-39-32-24-10-42-26-4-35-45-2-8
Dane_TSP_48.xlsx,28,13482.0,0.00011675001587718725,28-0-1-9-38-31-44-18-7-36-30-6-37-19-27-43-17-33-46-15-12-11-23-14-25-13-21-47-20-40-3-22-16-41-34-29-5-48-39-32-24-10-42-26-4-35-45-2-8
Dane_TSP_48.xlsx,29,13762.0,0.00011504199937917292,29-0-1-9-38-31-44-18-7-28-36-30-6-37-19-27-43-17-33-46-15-12-11-23-14-25-13-21-47-20-40-3-22-16-41-34-5-48-39-32-24-10-42-26-4-35-45-2-8
Dane_TSP_48.xlsx,30,13667.0,0.00012612499995157123,30-0-1-9-38-31-44-18-7-28-36-6-37-19-27-43-17-33-46-15-12-11-23-14-25-13-21-47-20-40-3-22-16-41-34-29-5-48-39-32-24-10-42-26-4-35-45-2-8
Dane_TSP_48.xlsx,31,13457.0,0.00011629099026322365,31-0-1-9-38-46-33-15-12-11-23-14-25-13-21-47-20-36-18-7-28-6-37-19-27-43-30-17-44-40-3-22-16-41-34-29-5-48-39-32-24-10-42-26-4-35-45-2-8
Dane_TSP_48.xlsx,32,14025.0,0.00011541700223460793,32-0-1-9-38-31-44-18-7-28-36-30-6-37-19-27-43-17-33-46-15-12-11-23-14-25-13-21-47-20-40-3-22-16-41-34-29-5-48-39-24-10-42-26-4-35-45-2-8
Dane_TSP_48.xlsx,33,13242.0,0.0001144580019172281,33-0-1-9-38-31-44-18-7-28-36-30-6-37-19-27-43-17-46-15-12-11-23-14-25-13-21-47-20-40-3-22-16-41-34-29-5-48-39-32-24-10-42-26-4-35-45-2-8
Dane_TSP_48.xlsx,34,13334.0,0.00012483299360610545,34-0-1-9-38-31-44-18-7-28-36-30-6-37-19-27-43-17-33-46-15-12-11-23-14-25-13-21-47-20-40-3-22-16-41-29-5-48-39-32-24-10-42-26-4-35-45-2-8
Dane_TSP_48.xlsx,35,15026.0,0.00011483300477266312,35-0-1-9-38-31-44-18-7-28-36-30-6-37-19-27-43-17-33-46-15-12-11-23-14-25-13-21-47-20-40-3-22-16-41-34-29-5-48-39-32-24-10-42-26-4-45-2-8
Dane_TSP_48.xlsx,36,13457.0,0.00011412502499297261,36-0-1-9-38-31-44-18-7-28-6-37-19-27-43-30-17-33-46-15-12-11-23-14-25-13-21-47-20-40-3-22-16-41-34-29-5-48-39-32-24-10-42-26-4-35-45-2-8
Dane_TSP_48.xlsx,37,13770.0,0.00011399999493733048,37-0-1-9-38-31-44-18-7-28-36-30-6-19-27-43-17-33-46-15-12-11-23-14-25-13-21-47-20-40-3-22-16-41-34-29-5-48-39-32-24-10-42-26-4-35-45-2-8
Dane_TSP_48.xlsx,38,12301.0,0.00011649998486973345,38-0-1-9-40-15-12-33-46-44-18-7-28-36-30-6-37-19-27-43-17-20-47-11-23-14-25-13-21-39-32-48-5-29-2-42-10-24-45-35-26-4-34-3-22-16-41-8-31
Dane_TSP_48.xlsx,39,13850.0,0.00011841699597425759,39-0-1-9-38-31-44-18-7-28-36-30-6-37-19-27-43-17-33-46-15-12-11-23-14-25-13-21-47-20-40-3-22-16-41-34-29-5-48-42-10-24-45-35-26-4-2-32-8
Dane_TSP_48.xlsx,40,13037.0,0.00011462499969638884,40-0-1-9-38-31-44-18-7-28-36-30-6-37-19-27-43-17-33-46-15-12-11-23-14-25-13-21-47-20-3-22-16-41-34-29-5-48-39-32-24-10-42-26-4-35-45-2-8
Dane_TSP_48.xlsx,41,12461.0,0.0001143749977927655,41-0-1-9-38-31-44-18-7-28-36-30-6-37-19-27-43-17-33-46-15-12-11-23-14-25-13-21-47-20-40-3-22-16-8-34-29-5-48-39-32-24-10-42-26-4-35-45-2
Dane_TSP_48.xlsx,42,13699.0,0.00011399999493733048,42-0-1-9-38-31-44-18-7-28-36-30-6-37-19-27-43-17-33-46-15-12-11-23-14-25-13-21-47-20-40-3-22-16-41-34-29-5-48-39-32-24-10-35-45-26-4-2-8
Dane_TSP_48.xlsx,43,13763.0,0.00011366698890924454,43-0-1-9-38-31-44-18-7-28-36-30-6-37-19-27-17-33-46-15-12-11-23-14-25-13-21-47-20-40-3-22-16-41-34-29-5-48-39-32-24-10-42-26-4-35-45-2-8
Dane_TSP_48.xlsx,44,13643.0,0.0001144580019172281,44-0-1-9-38-31-46-33-15-12-11-23-14-25-13-21-47-20-36-18-7-28-6-37-19-27-43-30-17-40-3-22-16-41-34-29-5-48-39-32-24-10-42-26-4-35-45-2-8
Dane_TSP_48.xlsx,45,14811.0,0.0001137500221375376,45-0-1-9-38-31-44-18-7-28-36-30-6-37-19-27-43-17-33-46-15-12-11-23-14-25-13-21-47-20-40-3-22-16-41-34-29-5-48-39-32-24-10-42-26-4-35-2-8
Dane_TSP_48.xlsx,46,13142.0,0.00011404199176467955,46-0-1-9-38-31-44-18-7-28-36-30-6-37-19-27-43-17-33-15-12-11-23-14-25-13-21-47-20-40-3-22-16-41-34-29-5-48-39-32-24-10-42-26-4-35-45-2-8
Dane_TSP_48.xlsx,47,12695.0,0.00011470800382085145,47-0-1-9-38-31-44-18-7-28-36-30-6-37-19-27-43-17-33-46-15-12-11-23-14-25-13-21-39-32-48-5-29-2-42-10-24-45-35-26-4-34-3-22-16-41-40-8-20
Dane_TSP_48.xlsx,48,13881.0,0.00011354099842719734,48-0-1-9-38-31-44-18-7-28-36-30-6-37-19-27-43-17-33-46-15-12-11-23-14-25-13-21-47-20-40-3-22-16-41-34-29-5-42-10-24-45-35-26-4-2-39-32-8
Dane_TSP_76.xlsx,0,137263.62626660668,0.00021050000214017928,0-1-2-23-22-21-25-24-46-45-44-48-47-69-68-67-50-49-52-53-54-42-43-28-29-30-31-19-20-5-6-7-8-9-10-11-12-13-14-15-16-17-18-37-36-35-34-40-41-60-59-58-57-63-64-62-61-55-56-51-66-65-71-72-73-39-38-32-33-27-26-4-3-75-76-74-70
Dane_TSP_76.xlsx,1,152346.88851340426,0.00018637499306350946,1-0-2-23-22-21-25-24-46-45-44-48-47-69-68-67-50-49-52-53-54-42-43-28-29-30-31-19-20-5-6-7-8-9-10-11-12-13-14-15-16-17-18-37-36-35-34-40-41-60-59-58-57-63-64-62-61-55-56-51-66-65-71-72-73-39-38-32-33-27-26-4-3-75-76-74-70
Dane_TSP_76.xlsx,2,152034.93208941582,0.00018616701709106565,2-0-1-23-22-21-25-24-46-45-44-48-47-69-68-67-50-49-52-53-54-42-43-28-29-30-31-19-20-5-6-7-8-9-10-11-12-13-14-15-16-17-18-37-36-35-34-40-41-60-59-58-57-63-64-62-61-55-56-51-66-65-71-72-73-39-38-32-33-27-26-4-3-75-76-74-70
Dane_TSP_76.xlsx,3,152892.22298629896,0.00018116598948836327,3-0-1-2-23-22-21-25-24-46-45-44-48-47-69-68-67-50-49-52-53-54-42-43-28-29-30-31-19-20-5-6-7-8-9-10-11-12-13-14-15-16-17-18-37-36-35-34-40-41-60-59-58-57-63-64-62-61-55-56-51-66-65-71-72-73-39-38-32-33-27-26-4-75-76-74-70
Dane_TSP_76.xlsx,4,152424.65815072643,0.00018258299678564072,4-0-1-2-23-22-21-25-24-46-45-44-48-47-69-68-67-50-49-52-53-54-42-43-28-29-30-31-19-20-5-6-7-8-9-10-11-12-13-14-15-16-17-18-37-36-35-34-40-41-60-59-58-57-63-64-62-61-55-56-51-66-65-71-72-73-39-38-32-33-27-26-3-75-76-74-70
Dane_TSP_76.xlsx,5,153491.80737535408,0.00018116700812242925,5-0-1-2-23-22-21-25-24-46-45-44-48-47-69-68-67-50-49-52-53-54-42-43-28-29-30-31-19-20-4-3-6-7-8-9-10-11-12-13-14-15-16-17-18-37-36-35-34-40-41-60-59-58-57-63-64-62-61-55-56-51-66-65-71-72-73-39-38-32-33-27-26-75-76-74-70
Dane_TSP_76.xlsx,6,150295.57843084086,0.00018104101764038205,6-0-1-2-23-22-21-25-24-46-45-44-48-47-69-68-67-50-49-52-53-54-42-43-28-29-30-31-19-20-5-10-9-12-11-17-18-37-36-35-34-40-41-60-59-58-57-63-64-62-61-55-56-51-66-65-71-72-73-39-38-32-33-27-26-4-3-7-8-13-14-15-16-74-75-76-70
Dane_TSP_76.xlsx,7,150488.57445249206,0.00018162501510232687,7-0-1-2-23-22-21-25-24-46-45-44-48-47-69-68-67-50-49-52-53-54-42-43-28-29-30-31-19-20-5-6-9-10-11-12-13-14-15-16-17-18-37-36-35-34-40-41-60-59-58-57-63-64-62-61-55-56-51-66-65-71-72-73-39-38-32-33-27-26-4-3-8-74-75-76-70
Dane_TSP_76.xlsx,8,151515.02652278126,0.00018254201859235764,8-0-1-2-23-22-21-25-24-46-45-44-48-47-69-68-67-50-49-52-53-54-42-43-28-29-30-31-19-20-5-6-7-3-4-10-9-12-11-17-18-37-36-35-34-40-41-60-59-58-57-63-64-62-61-55-56-51-66-65-71-72-73-39-38-32-33-27-26-16-15-13-14-74-75-76-70
Dane_TSP_76.xlsx,9,156155.19088331086,0.0001786659995559603,9-0-1-2-23-22-21-25-24-46-45-44-48-47-69-68-67-50-49-52-53-54-42-43-28-29-30-31-19-20-5-6-7-8-3-4-10-11-12-13-14-15-16-17-18-37-36-35-34-40-41-60-59-58-57-63-64-62-61-55-56-51-66-65-71-72-73-39-38-32-33-27-26-75-76-74-70
Dane_TSP_76.xlsx,10,151965.322063778,0.00021675002062693238,10-0-1-2-23-22-21-25-24-46-45-44-48-47-69-68-67-50-49-52-53-54-42-43-28-29-30-31-19-20-5-6-7-8-9-12-11-17-18-37-36-35-34-40-41-60-59-58-57-63-64-62-61-55-56-51-66-65-71-72-73-39-38-32-33-27-26-4-3-13-14-15-16-74-75-76-70
Dane_TSP_76.xlsx,11,153251.67002355063,0.00019099999917671084,11-0-1-2-23-22-21-25-24-46-45-44-48-47-69-68-67-50-49-52-53-54-42-43-28-29-30-31-19-20-5-6-7-8-9-10-12-13-14-15-16-17-18-37-36-35-34-40-41-60-59-58-57-63-64-62-61-55-56-51-66-65-71-72-73-39-38-32-33-27-26-4-3-75-76-74-70
Dane_TSP_76.xlsx,12,153131.37728735947,0.0001800419995561242,12-0-1-2-23-22-21-25-24-46-45-44-48-47-69-68-67-50-49-52-53-54-42-43-28-29-30-31-19-20-5-6-7-8-9-10-11-17-18-37-36-35-34-40-41-60-59-58-57-63-64-62-61-55-56-51-66-65-71-72-73-39-38-32-33-27-26-4-3-13-14-15-16-74-75-76-70
Dane_TSP_76.xlsx,13,153176.81020194566,0.00018279199139215052,13-0-1-2-23-22-21-25-24-46-45-44-48-47-69-68-67-50-49-52-53-54-42-43-28-29-30-31-19-20-5-6-7-8-9-10-11-12-15-16-17-18-37-36-35-34-40-41-60-59-58-57-63-64-62-61-55-56-51-66-65-71-72-73-39-38-32-33-27-26-4-3-14-74-75-76-70
Dane_TSP_76.xlsx,14,155871.91161171213,0.00018166599329560995,14-0-1-2-23-22-21-25-24-46-45-44-48-47-69-68-67-50-49-52-53-54-42-43-28-29-30-31-19-20-5-6-7-8-9-10-11-12-13-15-16-17-18-37-36-35-34-40-41-60-59-58-57-63-64-62-61-55-56-51-66-65-71-72-73-39-38-32-33-27-26-4-3-75-76-74-70
Dane_TSP_76.xlsx,15,155760.2478058664,0.00018062497838400304,15-0-1-2-23-22-21-25-24-46-45-44-48-47-69-68-67-50-49-52-53-54-42-43-28-29-30-31-19-20-5-6-7-8-9-10-11-12-13-14-16-17-18-37-36-35-34-40-41-60-59-58-57-63-64-62-61-55-56-51-66-65-71-72-73-39-38-32-33-27-26-4-3-75-76-74-70
Dane_TSP_76.xlsx,16,155155.25372988087,0.00018104200717061758,16-0-1-2-23-22-21-25-24-46-45-44-48-47-69-68-67-50-49-52-53-54-42-43-28-29-30-31-19-20-5-6-7-8-9-10-11-12-13-14-15-17-18-37-36-35-34-40-41-60-59-58-57-63-64-62-61-55-56-51-66-65-71-72-73-39-38-32-33-27-26-4-3-75-76-74-70
Dane_TSP_76.xlsx,17,153577.13330945,0.00018166701192967594,17-0-1-2-23-22-21-25-24-46-45-44-48-47-69-68-67-50-49-52-53-54-42-43-28-29-30-31-19-20-5-6-7-8-9-10-11-12-13-14-15-16-18-37-36-35-34-40-41-60-59-58-57-63-64-62-61-55-56-51-66-65-71-72-73-39-38-32-33-27-26-4-3-75-76-74-70
Dane_TSP_76.xlsx,18,153305.82260244628,0.0002164590114261955,18-0-1-2-23-22-21-25-24-46-45-44-48-47-69-68-67-50-49-52-53-54-42-43-28-29-30-31-19-20-5-6-7-8-9-10-11-12-13-14-15-16-17-37-36-35-34-40-41-60-59-58-57-63-64-62-61-55-56-51-66-65-71-72-73-39-38-32-33-27-26-4-3-75-76-74-70
Dane_TSP_76.xlsx,19,151249.67201985323,0.00018900001305155456,19-0-1-2-23-22-21-25-24-46-45-44-48-47-69-68-67-50-49-52-53-54-42-43-28-29-30-31-20-5-6-7-8-9-10-11-12-13-14-15-16-17-18-37-36-35-34-40-41-60-59-58-57-63-64-62-61-55-56-51-66-65-71-72-73-39-38-32-33-27-26-4-3-75-76-74-70
Dane_TSP_76.xlsx,20,151659.9949527121,0.0001828339882194996,20-0-1-2-23-22-21-25-24-46-45-44-48-47-69-68-67-50-49-52-53-54-42-43-28-29-30-31-19-5-6-7-8-9-10-11-12-13-14-15-16-17-18-37-36-35-34-40-41-60-59-58-57-63-64-62-61-55-56-51-66-65-71-72-73-39-38-32-33-27-26-4-3-75-76-74-70
Dane_TSP_76.xlsx,21,149781.53894158232,0.00017924999701790512,21-0-1-2-23-22-25-24-46-45-44-48-47-69-68-67-50-49-52-53-54-42-43-28-29-30-31-19-20-5-6-7-8-9-10-11-12-13-14-15-16-17-18-37-36-35-34-40-41-60-59-58-57-63-64-62-61-55-56-51-66-65-71-72-73-39-38-32-33-27-26-4-3-75-76-74-70
Dane_TSP_76.xlsx,22,150375.0699376132,0.00018483400344848633,22-0-1-2-23-21-25-24-46-45-44-48-47-69-68-67-50-49-52-53-54-42-43-28-29-30-31-19-20-5-6-7-8-9-10-11-12-13-14-15-16-17-18-37-36-35-34-40-41-60-59-58-57-63-64-62-61-55-56-51-66-65-71-72-73-39-38-32-33-27-26-4-3-75-76-74-70
Dane_TSP_76.xlsx,23,148576.84848576615,0.00018366699805483222,23-0-1-2-3-4-5-20-19-31-30-29-28-43-42-54-53-52-51-66-65-56-55-58-57-63-64-62-61-59-60-41-40-34-35-36-37-18-17-11-12-13-14-15-16-10-9-6-7-8-74-38-39-33-32-26-27-44-48-47-45-46-24-25-21-22-75-76-69-68-67-50-49-71-72-73-70
Dane_TSP_76.xlsx,24,148576.17671046962,0.00018020800780504942,24-0-1-2-23-22-21-25-46-45-44-48-47-69-68-67-50-49-52-53-54-42-43-28-29-30-31-19-20-5-6-7-8-9-10-11-12-13-14-15-16-17-18-37-36-35-34-40-41-60-59-58-57-63-64-62-61-55-56-51-66-65-71-72-73-39-38-32-33-27-26-4-3-75-76-74-70
Dane_TSP_76.xlsx,25,149209.298187985,0.0001816660223994404,25-0-1-2-23-22-21-24-46-45-44-48-47-69-68-67-50-49-52-53-54-42-43-28-29-30-31-19-20-5-6-7-8-9-10-11-12-13-14-15-16-17-18-37-36-35-34-40-41-60-59-58-57-63-64-62-61-55-56-51-66-65-71-72-73-39-38-32-33-27-26-4-3-75-76-74-70
Dane_TSP_76.xlsx,26,148692.42017219044,0.00018200001795776188,26-0-1-2-23-22-21-25-24-46-45-44-48-47-69-68-67-50-49-52-53-54-42-43-28-29-30-31-19-20-5-6-7-8-9-10-11-12-13-14-15-16-17-18-37-36-35-34-40-41-60-59-58-57-63-64-62-61-55-56-51-66-65-71-72-73-39-38-32-33-27-4-3-75-76-74-70
Dane_TSP_76.xlsx,27,147455.3973845449,0.00017958300304599106,27-0-1-2-23-22-21-25-24-46-45-44-48-47-69-68-67-50-49-52-53-54-42-43-28-29-30-31-19-20-5-6-7-8-9-10-11-12-13-14-15-16-17-18-37-36-35-34-40-41-60-59-58-57-63-64-62-61-55-56-51-66-65-71-72-73-39-38-32-33-26-4-3-75-76-74-70
Dane_TSP_76.xlsx,28,148220.22053834377,0.00018224999075755477,28-0-1-2-23-22-21-25-24-46-45-44-48-47-69-68-67-50-49-52-53-54-42-43-27-26-29-30-31-19-20-5-6-7-8-9-10-11-12-13-14-15-16-17-18-37-36-35-34-40-41-60-59-58-57-63-64-62-61-55-56-51-66-65-71-72-73-39-38-32-33-4-3-75-76-74-70
Dane_TSP_76.xlsx,29,144628.5319321039,0.00018174998695030808,29-0-1-2-23-22-21-25-24-46-45-44-48-47-69-68-67-50-49-52-53-54-42-43-28-33-32-35-34-40-41-60-59-58-57-63-64-62-61-55-56-51-66-65-71-72-73-39-38-36-37-18-17-11-12-13-14-15-16-10-9-6-7-8-3-4-5-20-19-31-30-26-27-70-76-75-74
Dane_TSP_76.xlsx,30,142910.3151007185,0.00017991699860431254,30-0-1-2-23-22-21-25-24-46-45-44-48-47-69-68-67-50-49-52-53-54-42-43-28-29-32-33-34-35-36-37-18-17-11-12-13-14-15-16-10-9-6-7-8-3-4-5-20-19-31-26-27-55-56-51-66-65-57-58-59-60-41-40-39-38-61-62-63-64-71-72-73-70-76-75-74
Dane_TSP_76.xlsx,31,150763.1278191231,0.00018141602049581707,31-0-1-2-23-22-21-25-24-46-45-44-48-47-69-68-67-50-49-52-53-54-42-43-28-29-30-19-20-5-6-7-8-9-10-11-12-13-14-15-16-17-18-37-36-35-34-40-41-60-59-58-57-63-64-62-61-55-56-51-66-65-71-72-73-39-38-32-33-27-26-4-3-75-76-74-70
Dane_TSP_76.xlsx,32,149471.60881890607,0.00017954199574887753,32-0-1-2-23-22-21-25-24-46-45-44-48-47-69-68-67-50-49-52-53-54-42-43-28-29-30-31-19-20-5-6-7-8-9-10-11-12-13-14-15-16-17-18-37-36-35-34-40-41-60-59-58-57-63-64-62-61-55-56-51-66-65-71-72-73-39-38-33-27-26-4-3-75-76-74-70
Dane_TSP_76.xlsx,33,149541.0487053571,0.0001796669967006892,33-0-1-2-23-22-21-25-24-46-45-44-48-47-69-68-67-50-49-52-53-54-42-43-28-29-30-31-19-20-5-6-7-8-9-10-11-12-13-14-15-16-17-18-37-36-35-34-40-41-60-59-58-57-63-64-62-61-55-56-51-66-65-71-72-73-39-38-32-26-27-4-3-75-76-74-70
Dane_TSP_76.xlsx,34,149358.2218044399,0.00018095900304615498,34-0-1-2-23-22-21-25-24-46-45-44-48-47-69-68-67-50-49-52-53-54-42-43-28-29-30-31-19-20-5-6-7-8-9-10-11-12-13-14-15-16-17-18-37-36-35-38-39-40-41-60-59-58-57-63-64-62-61-55-56-51-66-65-71-72-73-33-32-26-27-4-3-75-76-74-70
Dane_TSP_76.xlsx,35,149738.10637949008,0.00018216599710285664,35-0-1-2-23-22-21-25-24-46-45-44-48-47-69-68-67-50-49-52-53-54-42-43-28-29-30-31-19-20-5-6-7-8-9-10-11-12-13-14-15-16-17-18-37-36-38-39-40-41-60-59-58-57-63-64-62-61-55-56-51-66-65-71-72-73-34-33-32-26-27-4-3-75-76-74-70
Dane_TSP_76.xlsx,36,152402.0727548836,0.00024066699552349746,36-0-1-2-23-22-21-25-24-46-45-44-48-47-69-68-67-50-49-52-53-54-42-43-28-29-30-31-19-20-5-6-7-8-9-10-11-12-13-14-15-16-17-18-37-35-34-40-41-60-59-58-57-63-64-62-61-55-56-51-66-65-71-72-73-39-38-32-33-27-26-4-3-75-76-74-70
Dane_TSP_76.xlsx,37,152898.07846554276,0.00018799997633323073,37-0-1-2-23-22-21-25-24-46-45-44-48-47-69-68-67-50-49-52-53-54-42-43-28-29-30-31-19-20-5-6-7-8-9-10-11-12-13-14-15-16-17-18-36-35-34-40-41-60-59-58-57-63-64-62-61-55-56-51-66-65-71-72-73-39-38-32-33-27-26-4-3-75-76-74-70
Dane_TSP_76.xlsx,38,152226.45870981857,0.00018408300820738077,38-0-1-2-23-22-21-25-24-46-45-44-48-47-69-68-67-50-49-52-53-54-42-43-28-29-30-31-19-20-5-6-7-8-9-10-11-12-13-14-15-16-17-18-37-36-35-34-40-41-60-59-58-57-63-64-62-61-55-56-51-66-65-71-72-73-39-33-32-26-27-4-3-75-76-74-70
Dane_TSP_76.xlsx,39,150827.44196709714,0.0001820830220822245,39-0-1-2-23-22-21-25-24-46-45-44-48-47-69-68-67-50-49-52-53-54-42-43-28-29-30-31-19-20-5-6-7-8-9-10-11-12-13-14-15-16-17-18-37-36-35-34-40-41-60-59-58-57-63-64-62-61-55-56-51-66-65-71-72-73-33-32-26-27-4-3-75-76-74-38-70
Dane_TSP_76.xlsx,40,150836.62144137305,0.00018320902017876506,40-0-1-2-23-22-21-25-24-46-45-44-48-47-69-68-67-50-49-52-53-54-42-43-28-29-30-31-19-20-5-6-7-8-9-10-11-12-13-14-15-16-17-18-37-36-35-34-39-38-41-60-59-58-57-63-64-62-61-55-56-51-66-65-71-72-73-33-32-26-27-4-3-75-76-74-70
Dane_TSP_76.xlsx,41,149997.35548349767,0.0001833749993238598,41-0-1-2-23-22-21-25-24-46-45-44-48-47-69-68-67-50-49-52-53-54-42-43-28-29-30-31-19-20-5-6-7-8-9-10-11-12-13-14-15-16-17-18-37-36-35-34-40-60-59-58-57-63-64-62-61-55-56-51-66-65-71-72-73-39-38-32-33-27-26-4-3-75-76-74-70
Dane_TSP_76.xlsx,42,147289.57322817494,0.00018291600281372666,42-0-1-2-23-22-21-25-24-46-45-44-48-47-69-68-67-50-49-52-53-54-43-28-29-30-31-19-20-5-6-7-8-9-10-11-12-13-14-15-16-17-18-37-36-35-34-40-41-60-59-58-57-63-64-62-61-55-56-51-66-65-71-72-73-39-38-32-33-27-26-4-3-75-76-74-70
Dane_TSP_76.xlsx,43,147576.6276415995,0.00018237499170936644,43-0-1-2-23-22-21-25-24-46-45-44-48-47-69-68-67-50-49-52-53-54-42-28-29-30-31-19-20-5-6-7-8-9-10-11-12-13-14-15-16-17-18-37-36-35-34-40-41-60-59-58-57-63-64-62-61-55-56-51-66-65-71-72-73-39-38-32-33-27-26-4-3-75-76-74-70
Dane_TSP_76.xlsx,44,145200.2388950515,0.00018849998014047742,44-0-1-2-23-22-21-25-24-46-45-48-47-69-68-67-50-49-52-53-54-42-43-28-29-30-31-19-20-5-6-7-8-9-10-11-12-13-14-15-16-17-18-37-36-35-34-40-41-60-59-58-57-63-64-62-61-55-56-51-66-65-71-72-73-39-38-32-33-27-26-4-3-75-76-74-70
Dane_TSP_76.xlsx,45,145695.67269302273,0.00018074997933581471,45-0-1-2-23-22-21-25-24-46-44-48-47-69-68-67-50-49-52-53-54-42-43-28-29-30-31-19-20-5-6-7-8-9-10-11-12-13-14-15-16-17-18-37-36-35-34-40-41-60-59-58-57-63-64-62-61-55-56-51-66-65-71-72-73-39-38-32-33-27-26-4-3-75-76-74-70
Dane_TSP_76.xlsx,46,146608.7544380622,0.0001824999926611781,46-0-1-2-23-22-21-25-24-45-44-48-47-69-68-67-50-49-52-53-54-42-43-28-29-30-31-19-20-5-6-7-8-9-10-11-12-13-14-15-16-17-18-37-36-35-34-40-41-60-59-58-57-63-64-62-61-55-56-51-66-65-71-72-73-39-38-32-33-27-26-4-3-75-76-74-70
Dane_TSP_76.xlsx,47,143917.19897299775,0.00018362500122748315,47-0-1-2-23-22-21-25-24-46-45-44-48-69-68-67-50-49-52-53-54-42-43-28-29-30-31-19-20-5-6-7-8-9-10-11-12-13-14-15-16-17-18-37-36-35-34-40-41-60-59-58-57-63-64-62-61-55-56-51-66-65-71-72-73-39-38-32-33-27-26-4-3-75-76-74-70
Dane_TSP_76.xlsx,48,144645.27188277326,0.00018112498219124973,48-0-1-2-23-22-21-25-24-46-45-44-47-69-68-67-50-49-52-53-54-42-43-28-29-30-31-19-20-5-6-7-8-9-10-11-12-13-14-15-16-17-18-37-36-35-34-40-41-60-59-58-57-63-64-62-61-55-56-51-66-65-71-72-73-39-38-32-33-27-26-4-3-75-76-74-70
Dane_TSP_76.xlsx,49,139506.36458385718,0.00018320800154469907,49-0-1-2-23-22-21-25-24-46-45-44-48-47-69-68-67-50-51-66-65-56-55-52-53-54-42-43-28-29-30-31-19-20-5-6-7-8-9-10-11-12-13-14-15-16-17-18-37-36-35-34-40-41-60-59-58-57-63-64-62-61-39-38-32-33-27-26-4-3-75-76-74-73-72-71-70
Dane_TSP_76.xlsx,50,143980.77873107296,0.00018287499551661313,50-0-1-2-23-22-21-25-24-46-45-44-48-47-69-68-67-49-52-53-54-42-43-28-29-30-31-19-20-5-6-7-8-9-10-11-12-13-14-15-16-17-18-37-36-35-34-40-41-60-59-58-57-63-64-62-61-55-56-51-66-65-71-72-73-39-38-32-33-27-26-4-3-75-76-74-70
Dane_TSP_76.xlsx,51,144638.70168022378,0.00018112498219124973,51-0-1-2-23-22-21-25-24-46-45-44-48-47-69-68-67-50-49-52-53-54-42-43-28-29-30-31-19-20-5-6-7-8-9-10-11-12-13-14-15-16-17-18-37-36-35-34-40-41-60-59-58-57-63-64-62-61-55-56-66-65-71-72-73-39-38-32-33-27-26-4-3-75-76-74-70
Dane_TSP_76.xlsx,52,145169.41695324666,0.0002160829899366945,52-0-1-2-23-22-21-25-24-46-45-44-48-47-69-68-67-50-49-53-54-42-43-28-29-30-31-19-20-5-6-7-8-9-10-11-12-13-14-15-16-17-18-37-36-35-34-40-41-60-59-58-57-63-64-62-61-55-56-51-66-65-71-72-73-39-38-32-33-27-26-4-3-75-76-74-70
Dane_TSP_76.xlsx,53,144337.29538457887,0.00020966600277461112,53-0-1-2-23-22-21-25-24-46-45-44-48-47-69-68-67-50-49-52-51-66-65-56-55-58-57-63-64-62-61-59-60-41-40-34-35-36-37-18-17-11-12-13-14-15-16-10-9-6-7-8-3-4-5-20-19-31-30-29-28-43-42-54-33-32-26-27-39-38-74-75-76-70-71-72-73
Dane_TSP_76.xlsx,54,146873.11365194502,0.00019112500012852252,54-0-1-2-23-22-21-25-24-46-45-44-48-47-69-68-67-50-49-52-53-42-43-28-29-30-31-19-20-5-6-7-8-9-10-11-12-13-14-15-16-17-18-37-36-35-34-40-41-60-59-58-57-63-64-62-61-55-56-51-66-65-71-72-73-39-38-32-33-27-26-4-3-75-76-74-70
Dane_TSP_76.xlsx,55,146104.93230161292,0.00018241599900647998,55-0-1-2-23-22-21-25-24-46-45-44-48-47-69-68-67-50-49-52-53-54-42-43-28-29-30-31-19-20-5-6-7-8-9-10-11-12-13-14-15-16-17-18-37-36-35-34-40-41-60-59-58-57-63-64-62-61-56-51-66-65-71-72-73-39-38-32-33-27-26-4-3-75-76-74-70
Dane_TSP_76.xlsx,56,145895.86226937623,0.00019491699640639126,56-0-1-2-23-22-21-25-24-46-45-44-48-47-69-68-67-50-49-52-53-54-42-43-28-29-30-31-19-20-5-6-7-8-9-10-11-12-13-14-15-16-17-18-37-36-35-34-40-41-60-59-58-57-63-64-62-61-55-51-66-65-71-72-73-39-38-32-33-27-26-4-3-75-76-74-70
Dane_TSP_76.xlsx,57,146525.6914644463,0.00018104197806678712,57-0-1-2-23-22-21-25-24-46-45-44-48-47-69-68-67-50-49-52-53-54-42-43-28-29-30-31-19-20-5-6-7-8-9-10-11-12-13-14-15-16-17-18-37-36-35-34-40-41-60-59-58-61-62-63-64-56-55-51-66-65-71-72-73-39-38-32-33-27-26-4-3-75-76-74-70
Dane_TSP_76.xlsx,58,146081.38314280327,0.00018350000027567148,58-0-1-2-23-22-21-25-24-46-45-44-48-47-69-68-67-50-49-52-53-54-42-43-28-29-30-31-19-20-5-6-7-8-9-10-11-12-13-14-15-16-17-18-37-36-35-34-40-41-60-59-61-62-63-64-57-56-55-51-66-65-71-72-73-39-38-32-33-27-26-4-3-75-76-74-70
Dane_TSP_76.xlsx,59,149260.04318367335,0.00018195802113041282,59-0-1-2-23-22-21-25-24-46-45-44-48-47-69-68-67-50-49-52-53-54-42-43-28-29-30-31-19-20-5-6-7-8-9-10-11-12-13-14-15-16-17-18-37-36-35-34-40-41-60-58-57-63-64-62-61-55-56-51-66-65-71-72-73-39-38-32-33-27-26-4-3-75-76-74-70
Dane_TSP_76.xlsx,60,149686.64735283342,0.00018170799012295902,60-0-1-2-23-22-21-25-24-46-45-44-48-47-69-68-67-50-49-52-53-54-42-43-28-29-30-31-19-20-5-6-7-8-9-10-11-12-13-14-15-16-17-18-37-36-35-34-40-41-59-58-57-63-64-62-61-55-56-51-66-65-71-72-73-39-38-32-33-27-26-4-3-75-76-74-70
Dane_TSP_76.xlsx,61,149026.05679688533,0.00018345800344832242,61-0-1-2-23-22-21-25-24-46-45-44-48-47-69-68-67-50-49-52-53-54-42-43-28-29-30-31-19-20-5-6-7-8-9-10-11-12-13-14-15-16-17-18-37-36-35-34-40-41-60-59-58-57-63-64-62-56-55-51-66-65-71-72-73-39-38-32-33-27-26-4-3-75-76-74-70
Dane_TSP_76.xlsx,62,149128.50894322872,0.00018220898346044123,62-0-1-2-23-22-21-25-24-46-45-44-48-47-69-68-67-50-49-52-53-54-42-43-28-29-30-31-19-20-5-6-7-8-9-10-11-12-13-14-15-16-17-18-37-36-35-34-40-41-60-59-58-57-63-64-61-55-56-51-66-65-71-72-73-39-38-32-33-27-26-4-3-75-76-74-70
Dane_TSP_76.xlsx,63,148434.4194513989,0.0001817920128814876,63-0-1-2-23-22-21-25-24-46-45-44-48-47-69-68-67-50-49-52-53-54-42-43-28-29-30-31-19-20-5-6-7-8-9-10-11-12-13-14-15-16-17-18-37-36-35-34-40-41-60-59-58-57-62-61-64-56-55-51-66-65-71-72-73-39-38-32-33-27-26-4-3-75-76-74-70
Dane_TSP_76.xlsx,64,146661.38725200732,0.0001830830005928874,64-0-1-2-23-22-21-25-24-46-45-44-48-47-69-68-67-50-49-52-53-54-42-43-28-29-30-31-19-20-5-6-7-8-9-10-11-12-13-14-15-16-17-18-37-36-35-34-40-41-60-59-58-57-63-62-61-55-56-51-66-65-71-72-73-39-38-32-33-27-26-4-3-75-76-74-70
Dane_TSP_76.xlsx,65,144343.14788285564,0.0001838750031311065,65-0-1-2-23-22-21-25-24-46-45-44-48-47-69-68-67-50-49-52-53-54-42-43-28-29-30-31-19-20-5-6-7-8-9-10-11-12-13-14-15-16-17-18-37-36-35-34-40-41-60-59-58-57-63-64-62-61-55-56-51-66-71-72-73-39-38-32-33-27-26-4-3-75-76-74-70
Dane_TSP_76.xlsx,66,144340.50927541076,0.00018058298155665398,66-0-1-2-23-22-21-25-24-46-45-44-48-47-69-68-67-50-49-52-53-54-42-43-28-29-30-31-19-20-5-6-7-8-9-10-11-12-13-14-15-16-17-18-37-36-35-34-40-41-60-59-58-57-63-64-62-61-55-56-51-65-71-72-73-39-38-32-33-27-26-4-3-75-76-74-70
Dane_TSP_76.xlsx,67,140542.13048716862,0.0001819159951992333,67-0-1-2-23-22-21-25-24-46-45-44-48-47-69-68-50-49-52-53-54-42-43-28-29-30-31-19-20-5-6-7-8-9-10-11-12-13-14-15-16-17-18-37-36-35-34-40-41-60-59-58-57-63-64-62-61-55-56-51-66-65-71-72-73-39-38-32-33-27-26-4-3-75-76-74-70
Dane_TSP_76.xlsx,68,141131.9958055011,0.00018129200907424092,68-0-1-2-23-22-21-25-24-46-45-44-48-47-69-67-50-49-52-53-54-42-43-28-29-30-31-19-20-5-6-7-8-9-10-11-12-13-14-15-16-17-18-37-36-35-34-40-41-60-59-58-57-63-64-62-61-55-56-51-66-65-71-72-73-39-38-32-33-27-26-4-3-75-76-74-70
Dane_TSP_76.xlsx,69,141913.527231757,0.00018316699424758554,69-0-1-2-23-22-21-25-24-46-45-44-48-47-68-67-50-49-52-53-54-42-43-28-29-30-31-19-20-5-6-7-8-9-10-11-12-13-14-15-16-17-18-37-36-35-34-40-41-60-59-58-57-63-64-62-61-55-56-51-66-65-71-72-73-39-38-32-33-27-26-4-3-75-76-74-70
Dane_TSP_76.xlsx,70,137263.62626660668,0.00018279199139215052,70-0-1-2-23-22-21-25-24-46-45-44-48-47-69-68-67-50-49-52-53-54-42-43-28-29-30-31-19-20-5-6-7-8-9-10-11-12-13-14-15-16-17-18-37-36-35-34-40-41-60-59-58-57-63-64-62-61-55-56-51-66-65-71-72-73-39-38-32-33-27-26-4-3-75-76-74
Dane_TSP_76.xlsx,71,146028.68114129076,0.00018324999837204814,71-0-1-2-23-22-21-25-24-46-45-44-48-47-69-68-67-50-49-52-53-54-42-43-28-29-30-31-19-20-5-6-7-8-9-10-11-12-13-14-15-16-17-18-37-36-35-34-40-41-60-59-58-57-63-64-62-61-55-56-51-66-65-72-73-39-38-32-33-27-26-4-3-75-76-74-70
Dane_TSP_76.xlsx,72,148365.62626660668,0.00018095900304615498,72-0-1-2-23-22-21-25-24-46-45-44-48-47-69-68-67-50-49-52-53-54-42-43-28-29-30-31-19-20-5-6-7-8-9-10-11-12-13-14-15-16-17-18-37-36-35-34-40-41-60-59-58-57-63-64-62-61-55-56-51-66-65-71-73-39-38-32-33-27-26-4-3-75-76-74-70
Dane_TSP_76.xlsx,73,148354.2031981829,0.00018262499361298978,73-0-1-2-23-22-21-25-24-46-45-44-48-47-69-68-67-50-49-52-53-54-42-43-28-29-30-31-19-20-5-6-7-8-9-10-11-12-13-14-15-16-17-18-37-36-35-34-40-41-60-59-58-57-63-64-62-61-55-56-51-66-65-71-72-39-38-32-33-27-26-4-3-75-76-74-70
Dane_TSP_76.xlsx,74,145467.62626660668,0.0001822909980546683,74-0-1-2-23-22-21-25-24-46-45-44-48-47-69-68-67-50-49-52-53-54-42-43-28-29-30-31-19-20-5-6-7-8-9-10-11-12-13-14-15-16-17-18-37-36-35-34-40-41-60-59-58-57-63-64-62-61-55-56-51-66-65-71-72-73-39-38-32-33-27-26-4-3-75-76-70
Dane_TSP_76.xlsx,75,156789.75660377578,0.00018075000843964517,75-0-1-2-23-22-21-25-24-46-45-44-48-47-69-68-67-50-49-52-53-54-42-43-28-29-30-31-19-20-5-6-7-8-9-10-11-12-13-14-15-16-17-18-37-36-35-34-40-41-60-59-58-57-63-64-62-61-55-56-51-66-65-71-72-73-39-38-32-33-27-26-4-3-76-74-70
Dane_TSP_76.xlsx,76,156269.62626660668,0.0001817920128814876,76-0-1-2-23-22-21-25-24-46-45-44-48-47-69-68-67-50-49-52-53-54-42-43-28-29-30-31-19-20-5-6-7-8-9-10-11-12-13-14-15-16-17-18-37-36-35-34-40-41-60-59-58-57-63-64-62-61-55-56-51-66-65-71-72-73-39-38-32-33-27-26-4-3-75-74-70
Dane_TSP_127.xlsx,0,123847.15992703538,0.000368500011973083,0-1-16-2-51-57-54-45-103-44-35-36-37-41-14-12-31-27-30-43-34-39-38-26-25-33-122-28-29-32-80-79-77-18-21-17-22-4-23-24-6-106-15-108-20-19-72-8-9-11-114-105-7-120-10-115-13-50-5-56-121-52-124-55-66-113-64-58-100-3-90-116-60-62-61-91-59-67-73-74-68-71-70-69-75-76-78-117-84-81-126-82-83-102-101-63-119-96-109-87-86-85-88-110-104-125-89-92-99-65-47-49-53-118-48-46-94-112-111-107-127-93-95-123-97-42-40-98
Dane_TSP_127.xlsx,1,137673.28686354338,0.0004222080169711262,1-0-2-51-57-54-45-103-44-35-36-37-41-14-12-31-27-30-43-34-39-38-26-25-33-122-28-29-32-80-79-77-18-21-17-22-4-23-24-6-106-15-108-20-19-72-8-9-11-114-105-7-120-10-115-13-50-5-56-121-52-124-55-66-113-64-58-100-3-90-116-60-62-61-91-59-67-73-74-68-71-70-69-75-76-78-117-84-81-126-82-83-102-101-63-119-96-109-87-86-85-88-110-104-125-89-92-99-65-47-49-53-118-48-46-94-112-111-107-127-93-95-123-97-42-40-16-98
Dane_TSP_127.xlsx,2,129710.02811121845,0.0003432920202612877,2-0-1-16-37-36-35-40-43-34-39-38-26-27-31-12-14-41-30-42-25-33-122-28-29-32-80-79-77-18-21-17-22-4-23-24-6-106-15-108-20-19-72-8-9-11-114-105-7-120-10-115-13-50-5-56-121-57-54-45-103-44-51-52-124-55-66-113-64-58-100-3-90-116-60-62-61-91-59-67-73-74-68-71-70-69-75-76-78-117-84-81-126-82-83-102-101-63-119-96-109-87-86-85-88-110-104-125-89-92-99-65-47-49-53-118-48-46-94-112-111-107-127-93-95-123-97-98
Dane_TSP_127.xlsx,3,136406.47365887352,0.0003393749939277768,3-0-1-16-2-51-57-54-45-103-44-35-36-37-41-14-12-31-27-30-43-34-39-38-26-25-33-122-28-29-32-80-79-77-18-21-17-22-4-23-24-6-106-15-108-20-19-72-8-9-11-114-105-7-120-10-115-13-50-5-56-121-52-124-55-66-113-64-58-100-91-61-62-60-116-90-59-67-73-74-68-71-70-69-75-76-78-117-84-81-126-82-83-102-101-63-119-96-109-87-86-85-88-110-104-125-89-92-99-65-47-49-53-118-48-46-94-112-111-107-127-93-95-123-97-42-40-98
Dane_TSP_127.xlsx,4,149238.06066017566,0.0003440830041654408,4-0-1-16-2-51-57-54-45-103-44-35-36-37-41-14-12-31-27-30-43-34-39-38-26-25-33-122-28-29-32-80-79-77-18-21-17-22-19-23-24-6-106-15-108-20-105-114-11-9-8-72-74-73-67-68-71-70-69-75-76-78-117-84-81-126-82-83-102-101-63-119-96-109-87-86-85-88-110-59-62-60-116-90-61-91-58-64-100-10-120-7-13-115-50-5-56-121-52-124-55-66-113-125-89-92-99-65-47-49-53-118-48-46-94-112-111-107-127-93-95-123-97-42-40-3-104-98
Dane_TSP_127.xlsx,5,136207.23317388288,0.000336957979016006,5-0-1-16-2-51-57-54-45-103-44-35-36-37-41-14-12-31-27-30-43-34-39-38-26-25-33-122-28-29-32-80-79-77-18-21-17-22-4-23-24-6-106-15-108-20-19-72-8-9-11-114-105-7-120-10-115-13-50-121-56-124-52-55-66-113-64-58-100-3-90-116-60-62-61-91-59-67-73-74-68-71-70-69-75-76-78-117-84-81-126-82-83-102-101-63-119-96-109-87-86-85-88-110-104-125-89-92-99-65-47-49-53-118-48-46-94-112-111-107-127-93-95-123-97-42-40-98
Dane_TSP_127.xlsx,6,136936.98323021742,0.00033433400676585734,6-0-1-16-2-51-57-54-45-103-44-35-36-37-41-14-12-31-27-30-43-34-39-38-26-25-33-122-28-29-32-80-79-77-18-21-17-22-4-23-24-108-15-106-105-114-11-9-8-72-19-20-7-120-10-115-13-50-5-56-121-52-124-55-66-113-64-58-100-3-90-116-60-62-61-91-59-67-73-74-68-71-70-69-75-76-78-117-84-81-126-82-83-102-101-63-119-96-109-87-86-85-88-110-104-125-89-92-99-65-47-49-53-118-48-46-94-112-111-107-127-93-95-123-97-42-40-98
Dane_TSP_127.xlsx,7,136034.17500048762,0.0003455829864833504,7-0-1-16-2-51-57-54-45-103-44-35-36-37-41-14-12-31-27-30-43-34-39-38-26-25-33-122-28-29-32-80-79-77-18-21-17-22-4-23-24-6-106-15-108-20-19-72-8-9-11-114-105-120-10-115-13-50-5-56-121-52-124-55-66-113-64-58-100-3-90-116-60-62-61-91-59-67-73-74-68-71-70-69-75-76-78-117-84-81-126-82-83-102-101-63-119-96-109-87-86-85-88-110-104-125-89-92-99-65-47-49-53-118-48-46-94-112-111-107-127-93-95-123-97-42-40-98
Dane_TSP_127.xlsx,8,136631.4407555684,0.00033400001120753586,8-0-1-16-2-51-57-54-45-103-44-35-36-37-41-14-12-31-27-30-43-34-39-38-26-25-33-122-28-29-32-80-79-77-18-21-17-22-4-23-24-6-106-15-108-20-19-72-9-11-114-105-7-120-10-115-13-50-5-56-121-52-124-55-66-113-64-58-100-3-90-116-60-62-61-91-59-67-73-74-68-71-70-69-75-76-78-117-84-81-126-82-83-102-101-63-119-96-109-87-86-85-88-110-104-125-89-92-99-65-47-49-53-118-48-46-94-112-111-107-127-93-95-123-97-42-40-98
Dane_TSP_127.xlsx,9,149950.62989834393,0.00033658300526440144,9-0-1-16-2-51-57-54-45-103-44-35-36-37-41-14-12-31-27-30-43-34-39-38-26-25-33-122-28-29-32-80-79-77-18-21-17-22-4-23-24-6-106-15-108-20-19-72-8-67-73-74-68-71-70-69-75-76-78-117-84-81-126-82-83-102-101-63-119-96-109-87-86-85-88-110-59-62-60-116-90-61-91-58-64-100-10-120-7-105-114-11-3-115-13-50-5-56-121-52-124-55-66-113-125-89-92-99-65-47-49-53-118-48-46-94-112-111-107-127-93-95-123-97-42-40-104-98
Dane_TSP_127.xlsx,10,136553.17934152894,0.00033237499883398414,10-0-1-16-2-51-57-54-45-103-44-35-36-37-41-14-12-31-27-30-43-34-39-38-26-25-33-122-28-29-32-80-79-77-18-21-17-22-4-23-24-6-106-15-108-20-19-72-8-9-11-114-105-7-120-13-115-50-5-56-121-52-124-55-66-113-64-58-100-3-90-116-60-62-61-91-59-67-73-74-68-71-70-69-75-76-78-117-84-81-126-82-83-102-101-63-119-96-109-87-86-85-88-110-104-125-89-92-99-65-47-49-53-118-48-46-94-112-111-107-127-93-95-123-97-42-40-98
Dane_TSP_127.xlsx,11,136716.11526419932,0.0003334580105729401,11-0-1-16-2-51-57-54-45-103-44-35-36-37-41-14-12-31-27-30-43-34-39-38-26-25-33-122-28-29-32-80-79-77-18-21-17-22-4-23-24-6-106-15-108-20-19-72-8-9-114-105-7-120-10-115-13-50-5-56-121-52-124-55-66-113-64-58-100-3-90-116-60-62-61-91-59-67-73-74-68-71-70-69-75-76-78-117-84-81-126-82-83-102-101-63-119-96-109-87-86-85-88-110-104-125-89-92-99-65-47-49-53-118-48-46-94-112-111-107-127-93-95-123-97-42-40-98
Dane_TSP_127.xlsx,12,128266.76348496493,0.0003332909836899489,12-0-1-16-2-51-57-54-45-103-44-35-36-37-41-14-30-27-31-26-38-39-34-43-40-42-25-33-122-28-29-32-80-79-77-18-21-17-22-4-23-24-6-106-15-108-20-19-72-8-9-11-114-105-7-120-10-115-13-50-5-56-121-52-124-55-66-113-64-58-100-3-90-116-60-62-61-91-59-67-73-74-68-71-70-69-75-76-78-117-84-81-126-82-83-102-101-63-119-96-109-87-86-85-88-110-104-125-89-92-99-65-47-49-53-118-48-46-94-112-111-107-127-93-95-123-97-98
Dane_TSP_127.xlsx,13,136268.92516937916,0.00033716598409228027,13-0-1-16-2-51-57-54-45-103-44-35-36-37-41-14-12-31-27-30-43-34-39-38-26-25-33-122-28-29-32-80-79-77-18-21-17-22-4-23-24-6-106-15-108-20-19-72-8-9-11-114-105-7-120-10-115-50-5-56-121-52-124-55-66-113-64-58-100-3-90-116-60-62-61-91-59-67-73-74-68-71-70-69-75-76-78-117-84-81-126-82-83-102-101-63-119-96-109-87-86-85-88-110-104-125-89-92-99-65-47-49-53-118-48-46-94-112-111-107-127-93-95-123-97-42-40-98
Dane_TSP_127.xlsx,14,157710.1389335603,0.00035858398769050837,14-0-1-16-2-51-57-54-45-103-44-35-36-37-41-30-27-31-12-20-108-6-106-15-105-114-11-9-24-23-4-22-19-72-8-21-17-18-77-74-73-67-68-71-70-69-75-76-78-117-84-81-126-82-83-32-29-33-122-28-25-26-38-39-34-43-40-42-95-123-97-93-127-94-46-118-48-53-49-47-55-66-124-52-5-56-121-50-13-115-10-120-7-3-90-116-60-62-61-91-58-64-100-113-125-89-92-99-65-59-110-109-96-88-87-86-85-119-63-102-101-80-79-104-112-111-107-98
Dane_TSP_127.xlsx,15,135850.06266390823,0.00033787498250603676,15-0-1-16-2-51-57-54-45-103-44-35-36-37-41-14-12-31-27-30-43-34-39-38-26-25-33-122-28-29-32-80-79-77-18-21-17-22-4-23-24-6-106-108-20-19-72-8-9-11-114-105-7-120-10-115-13-50-5-56-121-52-124-55-66-113-64-58-100-3-90-116-60-62-61-91-59-67-73-74-68-71-70-69-75-76-78-117-84-81-126-82-83-102-101-63-119-96-109-87-86-85-88-110-104-125-89-92-99-65-47-49-53-118-48-46-94-112-111-107-127-93-95-123-97-42-40-98
Dane_TSP_127.xlsx,16,148771.18364277025,0.00033775001065805554,16-0-1-7-105-114-106-6-108-4-22-19-23-24-9-11-3-10-120-13-115-50-5-56-121-57-54-45-103-44-35-36-37-41-14-12-31-27-30-43-34-39-38-26-25-33-122-28-29-32-80-79-77-18-21-17-20-15-72-8-67-73-74-68-71-70-69-75-76-78-117-84-81-126-82-83-102-101-63-119-96-109-87-86-85-88-110-59-62-60-116-90-61-91-58-64-100-52-124-55-66-113-125-89-92-99-65-47-49-53-118-48-46-94-112-111-107-127-93-95-123-97-42-40-2-51-104-98
Dane_TSP_127.xlsx,17,135816.57774579,0.0003357499954290688,17-0-1-16-2-51-57-54-45-103-44-35-36-37-41-14-12-31-27-30-43-34-39-38-26-25-33-122-28-29-32-80-79-77-18-21-22-4-23-24-6-106-15-108-20-19-72-8-9-11-114-105-7-120-10-115-13-50-5-56-121-52-124-55-66-113-64-58-100-3-90-116-60-62-61-91-59-67-73-74-68-71-70-69-75-76-78-117-84-81-126-82-83-102-101-63-119-96-109-87-86-85-88-110-104-125-89-92-99-65-47-49-53-118-48-46-94-112-111-107-127-93-95-123-97-42-40-98
Dane_TSP_127.xlsx,18,157126.67608662005,0.0003419159911572933,18-0-1-16-2-51-57-54-45-103-44-35-36-37-41-14-12-31-27-30-43-34-39-38-26-25-33-122-28-29-32-80-79-77-74-73-67-8-72-19-22-4-23-24-6-106-15-108-20-17-21-9-11-114-105-7-120-10-115-13-50-5-56-121-52-124-55-66-113-64-58-100-3-90-116-60-62-61-91-59-71-70-69-75-76-78-117-84-81-126-82-83-102-101-63-119-96-109-87-86-85-88-110-68-40-42-95-123-97-93-127-94-46-118-48-53-49-47-112-111-107-65-89-92-99-125-104-98
Dane_TSP_127.xlsx,19,149166.64004977662,0.0003385829913895577,19-0-1-16-2-51-57-54-45-103-44-35-36-37-41-14-12-31-27-30-43-34-39-38-26-25-33-122-28-29-32-80-79-77-18-21-17-22-4-23-24-6-106-15-108-20-105-114-11-9-8-72-74-73-67-68-71-70-69-75-76-78-117-84-81-126-82-83-102-101-63-119-96-109-87-86-85-88-110-59-62-60-116-90-61-91-58-64-100-10-120-7-13-115-50-5-56-121-52-124-55-66-113-125-89-92-99-65-47-49-53-118-48-46-94-112-111-107-127-93-95-123-97-42-40-3-104-98
Dane_TSP_127.xlsx,20,135584.8272633011,0.0003358749963808805,20-0-1-16-2-51-57-54-45-103-44-35-36-37-41-14-12-31-27-30-43-34-39-38-26-25-33-122-28-29-32-80-79-77-18-21-17-22-4-23-24-6-106-15-108-19-72-8-9-11-114-105-7-120-10-115-13-50-5-56-121-52-124-55-66-113-64-58-100-3-90-116-60-62-61-91-59-67-73-74-68-71-70-69-75-76-78-117-84-81-126-82-83-102-101-63-119-96-109-87-86-85-88-110-104-125-89-92-99-65-47-49-53-118-48-46-94-112-111-107-127-93-95-123-97-42-40-98
Dane_TSP_127.xlsx,21,136098.493847779,0.0003455420082900673,21-0-1-16-2-51-57-54-45-103-44-35-36-37-41-14-12-31-27-30-43-34-39-38-26-25-33-122-28-29-32-80-79-77-18-72-8-19-22-4-23-24-6-106-15-108-20-17-9-11-114-105-7-120-10-115-13-50-5-56-121-52-124-55-66-113-64-58-100-3-90-116-60-62-61-91-59-67-73-74-68-71-70-69-75-76-78-117-84-81-126-82-83-102-101-63-119-96-109-87-86-85-88-110-104-125-89-92-99-65-47-49-53-118-48-46-94-112-111-107-127-93-95-123-97-42-40-98
Dane_TSP_127.xlsx,22,148086.3462640235,0.0003374579828232527,22-0-1-16-2-51-57-54-45-103-44-35-36-37-41-14-12-31-27-30-43-34-39-38-26-25-33-122-28-29-32-80-79-77-18-21-17-20-108-6-106-15-105-114-11-9-24-23-4-19-72-8-67-73-74-68-71-70-69-75-76-78-117-84-81-126-82-83-102-101-63-119-96-109-87-86-85-88-110-59-62-60-116-90-61-91-58-64-100-10-120-7-13-115-50-5-56-121-52-124-55-66-113-125-89-92-99-65-47-49-53-118-48-46-94-112-111-107-127-93-95-123-97-42-40-3-104-98
Dane_TSP_127.xlsx,23,136324.85046480436,0.00033704101224429905,23-0-1-16-2-51-57-54-45-103-44-35-36-37-41-14-12-31-27-30-43-34-39-38-26-25-33-122-28-29-32-80-79-77-18-21-17-22-4-24-6-106-15-108-20-19-72-8-9-11-114-105-7-120-10-115-13-50-5-56-121-52-124-55-66-113-64-58-100-3-90-116-60-62-61-91-59-67-73-74-68-71-70-69-75-76-78-117-84-81-126-82-83-102-101-63-119-96-109-87-86-85-88-110-104-125-89-92-99-65-47-49-53-118-48-46-94-112-111-107-127-93-95-123-97-42-40-98
Dane_TSP_127.xlsx,24,136878.98843938595,0.0003404580056667328,24-0-1-16-2-51-57-54-45-103-44-35-36-37-41-14-12-31-27-30-43-34-39-38-26-25-33-122-28-29-32-80-79-77-18-21-17-22-4-23-19-72-8-9-11-114-105-106-6-108-15-20-7-120-10-115-13-50-5-56-121-52-124-55-66-113-64-58-100-3-90-116-60-62-61-91-59-67-73-74-68-71-70-69-75-76-78-117-84-81-126-82-83-102-101-63-119-96-109-87-86-85-88-110-104-125-89-92-99-65-47-49-53-118-48-46-94-112-111-107-127-93-95-123-97-42-40-98
Dane_TSP_127.xlsx,25,156002.30386735377,0.0003401660069357604,25-0-1-16-2-51-57-54-45-103-44-35-36-37-41-14-12-31-27-30-43-34-39-38-26-42-40-7-105-114-106-6-108-4-22-19-23-24-9-11-3-10-120-13-115-50-5-56-121-52-124-55-66-113-64-58-100-91-61-62-60-116-90-59-67-73-74-18-77-21-17-20-15-72-8-68-71-70-69-75-76-78-117-84-81-126-82-83-32-29-33-122-28-123-95-93-127-97-80-79-110-109-96-88-87-86-85-119-63-102-101-98-94-46-118-48-53-49-47-112-111-107-65-89-92-99-125-104
Dane_TSP_127.xlsx,26,139067.1925602832,0.0003418749838601798,26-0-1-16-2-51-57-54-45-103-44-35-36-37-41-14-12-31-27-30-43-34-39-38-42-40-7-105-114-106-6-108-4-22-19-23-24-9-11-3-10-120-13-115-50-5-56-121-52-124-55-66-113-64-58-100-91-61-62-60-116-90-59-67-73-74-18-77-21-17-20-15-72-8-68-71-70-69-75-76-78-117-84-81-126-82-83-32-29-33-122-28-25-80-79-123-95-93-127-97-98-101-102-63-119-96-109-87-86-85-88-110-104-125-89-92-99-65-47-49-53-118-48-46-94-112-111-107
Dane_TSP_127.xlsx,27,134266.23662924417,0.000342790997819975,27-0-1-16-2-51-57-54-45-103-44-35-36-37-41-14-12-31-30-43-34-39-38-26-25-33-122-28-29-32-80-79-77-18-21-17-22-4-23-24-6-106-15-108-20-19-72-8-9-11-114-105-7-120-10-115-13-50-5-56-121-52-124-55-66-113-64-58-100-3-90-116-60-62-61-91-59-67-73-74-68-71-70-69-75-76-78-117-84-81-126-82-83-102-101-63-119-96-109-87-86-85-88-110-104-125-89-92-99-65-47-49-53-118-48-46-94-112-111-107-127-93-95-123-97-42-40-98
Dane_TSP_127.xlsx,28,131790.6925736864,0.00033354200422763824,28-0-1-16-2-51-57-54-45-103-44-35-36-37-41-14-12-31-27-30-43-34-39-38-26-25-33-122-29-32-80-79-77-18-21-17-22-4-23-24-6-106-15-108-20-19-72-8-9-11-114-105-7-120-10-115-13-50-5-56-121-52-124-55-66-113-64-58-100-3-90-116-60-62-61-91-59-67-73-74-68-71-70-69-75-76-78-117-84-81-126-82-83-102-101-63-119-96-109-87-86-85-88-110-104-125-89-92-99-65-47-49-53-118-48-46-94-112-111-107-127-93-95-123-97-42-40-98
Dane_TSP_127.xlsx,29,132393.71885425213,0.00033883299329318106,29-0-1-16-2-51-57-54-45-103-44-35-36-37-41-14-12-31-27-30-43-34-39-38-26-25-33-122-28-32-80-79-77-18-21-17-22-4-23-24-6-106-15-108-20-19-72-8-9-11-114-105-7-120-10-115-13-50-5-56-121-52-124-55-66-113-64-58-100-3-90-116-60-62-61-91-59-67-73-74-68-71-70-69-75-76-78-117-84-81-126-82-83-102-101-63-119-96-109-87-86-85-88-110-104-125-89-92-99-65-47-49-53-118-48-46-94-112-111-107-127-93-95-123-97-42-40-98
Dane_TSP_127.xlsx,30,127183.20592441592,0.00033512499067001045,30-0-1-16-2-51-57-54-45-103-44-35-36-37-41-14-12-31-27-26-38-39-34-43-40-42-25-33-122-28-29-32-80-79-77-18-21-17-22-4-23-24-6-106-15-108-20-19-72-8-9-11-114-105-7-120-10-115-13-50-5-56-121-52-124-55-66-113-64-58-100-3-90-116-60-62-61-91-59-67-73-74-68-71-70-69-75-76-78-117-84-81-126-82-83-102-101-63-119-96-109-87-86-85-88-110-104-125-89-92-99-65-47-49-53-118-48-46-94-112-111-107-127-93-95-123-97-98
Dane_TSP_127.xlsx,31,127904.0973767023,0.0003366250020917505,31-0-1-16-2-51-57-54-45-103-44-35-36-37-41-14-12-30-27-26-38-39-34-43-40-42-25-33-122-28-29-32-80-79-77-18-21-17-22-4-23-24-6-106-15-108-20-19-72-8-9-11-114-105-7-120-10-115-13-50-5-56-121-52-124-55-66-113-64-58-100-3-90-116-60-62-61-91-59-67-73-74-68-71-70-69-75-76-78-117-84-81-126-82-83-102-101-63-119-96-109-87-86-85-88-110-104-125-89-92-99-65-47-49-53-118-48-46-94-112-111-107-127-93-95-123-97-98
Dane_TSP_127.xlsx,32,137480.3965957418,0.00034100000630132854,32-0-1-16-2-51-57-54-45-103-44-35-36-37-41-14-12-31-27-30-43-34-39-38-26-25-33-122-28-29-42-40-7-105-114-106-6-108-4-22-19-23-24-9-11-3-10-120-13-115-50-5-56-121-52-124-55-66-113-64-58-100-91-61-62-60-116-90-59-67-73-74-18-77-21-17-20-15-72-8-68-71-70-69-75-76-78-117-84-81-126-82-83-102-101-63-119-96-109-87-86-85-88-110-104-125-89-92-99-65-47-49-53-118-48-46-94-112-111-107-127-93-95-123-97-80-79-98
Dane_TSP_127.xlsx,33,137809.81711892725,0.0004122499958612025,33-0-1-16-2-51-57-54-45-103-44-35-36-37-41-14-12-31-27-30-43-34-39-38-26-25-29-32-122-28-42-40-7-105-114-106-6-108-4-22-19-23-24-9-11-3-10-120-13-115-50-5-56-121-52-124-55-66-113-64-58-100-91-61-62-60-116-90-59-67-73-74-18-77-21-17-20-15-72-8-68-71-70-69-75-76-78-117-84-81-126-82-83-102-101-63-119-96-109-87-86-85-88-110-104-125-89-92-99-65-47-49-53-118-48-46-94-112-111-107-127-93-95-123-97-80-79-98
Dane_TSP_127.xlsx,34,133899.13145724442,0.0003438749990891665,34-0-1-16-2-51-57-54-45-103-44-35-36-37-41-14-12-31-27-30-43-39-38-26-25-33-122-28-29-32-80-79-77-18-21-17-22-4-23-24-6-106-15-108-20-19-72-8-9-11-114-105-7-120-10-115-13-50-5-56-121-52-124-55-66-113-64-58-100-3-90-116-60-62-61-91-59-67-73-74-68-71-70-69-75-76-78-117-84-81-126-82-83-102-101-63-119-96-109-87-86-85-88-110-104-125-89-92-99-65-47-49-53-118-48-46-94-112-111-107-127-93-95-123-97-42-40-98
Dane_TSP_127.xlsx,35,128476.95601998454,0.00033991699456237257,35-0-1-16-2-51-57-54-45-103-44-40-43-34-39-38-26-27-31-12-14-41-36-37-30-42-25-33-122-28-29-32-80-79-77-18-21-17-22-4-23-24-6-106-15-108-20-19-72-8-9-11-114-105-7-120-10-115-13-50-5-56-121-52-124-55-66-113-64-58-100-3-90-116-60-62-61-91-59-67-73-74-68-71-70-69-75-76-78-117-84-81-126-82-83-102-101-63-119-96-109-87-86-85-88-110-104-125-89-92-99-65-47-49-53-118-48-46-94-112-111-107-127-93-95-123-97-98
Dane_TSP_127.xlsx,36,134623.39164468017,0.00033850001636892557,36-0-1-16-2-51-57-54-45-103-44-35-37-41-14-12-31-27-30-43-34-39-38-26-25-33-122-28-29-32-80-79-77-18-21-17-22-4-23-24-6-106-15-108-20-19-72-8-9-11-114-105-7-120-10-115-13-50-5-56-121-52-124-55-66-113-64-58-100-3-90-116-60-62-61-91-59-67-73-74-68-71-70-69-75-76-78-117-84-81-126-82-83-102-101-63-119-96-109-87-86-85-88-110-104-125-89-92-99-65-47-49-53-118-48-46-94-112-111-107-127-93-95-123-97-42-40-98
Dane_TSP_127.xlsx,37,134728.24232061132,0.0003384999872650951,37-0-1-16-2-51-57-54-45-103-44-35-36-41-14-12-31-27-30-43-34-39-38-26-25-33-122-28-29-32-80-79-77-18-21-17-22-4-23-24-6-106-15-108-20-19-72-8-9-11-114-105-7-120-10-115-13-50-5-56-121-52-124-55-66-113-64-58-100-3-90-116-60-62-61-91-59-67-73-74-68-71-70-69-75-76-78-117-84-81-126-82-83-102-101-63-119-96-109-87-86-85-88-110-104-125-89-92-99-65-47-49-53-118-48-46-94-112-111-107-127-93-95-123-97-42-40-98
Dane_TSP_127.xlsx,38,126724.46706144507,0.00033483299193903804,38-0-1-16-2-51-57-54-45-103-44-35-36-37-41-14-12-31-27-30-43-34-39-42-40-26-25-33-122-28-29-32-80-79-77-18-21-17-22-4-23-24-6-106-15-108-20-19-72-8-9-11-114-105-7-120-10-115-13-50-5-56-121-52-124-55-66-113-64-58-100-3-90-116-60-62-61-91-59-67-73-74-68-71-70-69-75-76-78-117-84-81-126-82-83-102-101-63-119-96-109-87-86-85-88-110-104-125-89-92-99-65-47-49-53-118-48-46-94-112-111-107-127-93-95-123-97-98
Dane_TSP_127.xlsx,39,134070.43031105984,0.0005025410209782422,39-0-1-16-2-51-57-54-45-103-44-35-36-37-41-14-12-31-27-30-43-34-42-38-26-25-33-122-28-29-32-80-79-77-18-21-17-22-4-23-24-6-106-15-108-20-19-72-8-9-11-114-105-7-120-10-115-13-50-5-56-121-52-124-55-66-113-64-58-100-3-90-116-60-62-61-91-59-67-73-74-68-71-70-69-75-76-78-117-84-81-126-82-83-102-101-63-119-96-109-87-86-85-88-110-104-125-89-92-99-65-47-49-53-118-48-46-94-112-111-107-127-93-95-123-97-40-98
Dane_TSP_127.xlsx,40,132636.04891831015,0.0005199169972911477,40-0-1-16-2-51-57-54-45-103-44-35-36-37-41-14-12-31-27-30-43-34-39-38-26-25-33-122-28-29-32-80-79-77-18-21-17-22-4-23-24-6-106-15-108-20-19-72-8-9-11-114-105-7-120-10-115-13-50-5-56-121-52-124-55-66-113-64-58-100-3-90-116-60-62-61-91-59-67-73-74-68-71-70-69-75-76-78-117-84-81-126-82-83-102-101-63-119-96-109-87-86-85-88-110-104-125-89-92-99-65-47-49-53-118-48-46-94-112-111-107-127-93-95-123-97-42-98
Dane_TSP_127.xlsx,41,134566.56644282307,0.00034220897941850126,41-0-1-16-2-51-57-54-45-103-44-35-36-37-14-12-31-27-30-43-34-39-38-26-25-33-122-28-29-32-80-79-77-18-21-17-22-4-23-24-6-106-15-108-20-19-72-8-9-11-114-105-7-120-10-115-13-50-5-56-121-52-124-55-66-113-64-58-100-3-90-116-60-62-61-91-59-67-73-74-68-71-70-69-75-76-78-117-84-81-126-82-83-102-101-63-119-96-109-87-86-85-88-110-104-125-89-92-99-65-47-49-53-118-48-46-94-112-111-107-127-93-95-123-97-42-40-98
Dane_TSP_127.xlsx,42,133379.50070571058,0.0003364160074852407,42-0-1-16-2-51-57-54-45-103-44-35-36-37-41-14-12-31-27-30-43-34-39-38-26-25-33-122-28-29-32-80-79-77-18-21-17-22-4-23-24-6-106-15-108-20-19-72-8-9-11-114-105-7-120-10-115-13-50-5-56-121-52-124-55-66-113-64-58-100-3-90-116-60-62-61-91-59-67-73-74-68-71-70-69-75-76-78-117-84-81-126-82-83-102-101-63-119-96-109-87-86-85-88-110-104-125-89-92-99-65-47-49-53-118-48-46-94-112-111-107-127-93-95-123-97-40-98
Dane_TSP_127.xlsx,43,133959.98027600668,0.0004311669908929616,43-0-1-16-2-51-57-54-45-103-44-35-36-37-41-14-12-31-27-30-34-39-38-26-25-33-122-28-29-32-80-79-77-18-21-17-22-4-23-24-6-106-15-108-20-19-72-8-9-11-114-105-7-120-10-115-13-50-5-56-121-52-124-55-66-113-64-58-100-3-90-116-60-62-61-91-59-67-73-74-68-71-70-69-75-76-78-117-84-81-126-82-83-102-101-63-119-96-109-87-86-85-88-110-104-125-89-92-99-65-47-49-53-118-48-46-94-112-111-107-127-93-95-123-97-42-40-98
Dane_TSP_127.xlsx,44,128956.10518972285,0.0003370830090716481,44-0-1-16-2-51-57-54-45-103-40-43-34-39-38-26-27-31-12-14-41-36-37-35-30-42-25-33-122-28-29-32-80-79-77-18-21-17-22-4-23-24-6-106-15-108-20-19-72-8-9-11-114-105-7-120-10-115-13-50-5-56-121-52-124-55-66-113-64-58-100-3-90-116-60-62-61-91-59-67-73-74-68-71-70-69-75-76-78-117-84-81-126-82-83-102-101-63-119-96-109-87-86-85-88-110-104-125-89-92-99-65-47-49-53-118-48-46-94-112-111-107-127-93-95-123-97-98
Dane_TSP_127.xlsx,45,129294.37963589901,0.0003355000226292759,45-0-1-16-2-51-57-54-44-103-40-43-34-39-38-26-27-31-12-14-41-36-37-35-30-42-25-33-122-28-29-32-80-79-77-18-21-17-22-4-23-24-6-106-15-108-20-19-72-8-9-11-114-105-7-120-10-115-13-50-5-56-121-52-124-55-66-113-64-58-100-3-90-116-60-62-61-91-59-67-73-74-68-71-70-69-75-76-78-117-84-81-126-82-83-102-101-63-119-96-109-87-86-85-88-110-104-125-89-92-99-65-47-49-53-118-48-46-94-112-111-107-127-93-95-123-97-98
Dane_TSP_127.xlsx,46,136249.829855839,0.00035512499744072556,46-0-1-16-2-51-57-54-45-103-44-35-36-37-41-14-12-31-27-30-43-34-39-38-26-25-33-122-28-29-32-80-79-77-18-21-17-22-4-23-24-6-106-15-108-20-19-72-8-9-11-114-105-7-120-10-115-13-50-5-56-121-52-124-55-66-113-64-58-100-3-90-116-60-62-61-91-59-67-73-74-68-71-70-69-75-76-78-117-84-81-126-82-83-102-101-63-119-96-109-87-86-85-88-110-104-125-89-92-99-65-47-49-53-118-48-94-112-111-107-127-93-95-123-97-42-40-98
Dane_TSP_127.xlsx,47,136780.98866265407,0.0003384999872650951,47-0-1-16-2-51-57-54-45-103-44-35-36-37-41-14-12-31-27-30-43-34-39-38-26-25-33-122-28-29-32-80-79-77-18-21-17-22-4-23-24-6-106-15-108-20-19-72-8-9-11-114-105-7-120-10-115-13-50-5-56-121-52-124-55-66-113-64-58-100-3-90-116-60-62-61-91-59-67-73-74-68-71-70-69-75-76-78-117-84-81-126-82-83-102-101-63-119-96-109-87-86-85-88-110-104-125-89-92-99-65-49-53-118-48-46-94-112-111-107-127-93-95-123-97-42-40-98
Dane_TSP_127.xlsx,48,135868.73549650435,0.00033666699891909957,48-0-1-16-2-51-57-54-45-103-44-35-36-37-41-14-12-31-27-30-43-34-39-38-26-25-33-122-28-29-32-80-79-77-18-21-17-22-4-23-24-6-106-15-108-20-19-72-8-9-11-114-105-7-120-10-115-13-50-5-56-121-52-124-55-66-113-64-58-100-3-90-116-60-62-61-91-59-67-73-74-68-71-70-69-75-76-78-117-84-81-126-82-83-102-101-63-119-96-109-87-86-85-88-110-104-125-89-92-99-65-47-49-53-118-46-94-112-111-107-127-93-95-123-97-42-40-98
Dane_TSP_127.xlsx,49,136564.89032657826,0.00033737500780262053,49-0-1-16-2-51-57-54-45-103-44-35-36-37-41-14-12-31-27-30-43-34-39-38-26-25-33-122-28-29-32-80-79-77-18-21-17-22-4-23-24-6-106-15-108-20-19-72-8-9-11-114-105-7-120-10-115-13-50-5-56-121-52-124-55-66-113-64-58-100-3-90-116-60-62-61-91-59-67-73-74-68-71-70-69-75-76-78-117-84-81-126-82-83-102-101-63-119-96-109-87-86-85-88-110-104-125-89-92-99-65-47-53-118-48-46-94-112-111-107-127-93-95-123-97-42-40-98
Dane_TSP_127.xlsx,50,136385.8621315474,0.0003357499954290688,50-0-1-16-2-51-57-54-45-103-44-35-36-37-41-14-12-31-27-30-43-34-39-38-26-25-33-122-28-29-32-80-79-77-18-21-17-22-4-23-24-6-106-15-108-20-19-72-8-9-11-114-105-7-120-10-115-13-5-56-121-52-124-55-66-113-64-58-100-3-90-116-60-62-61-91-59-67-73-74-68-71-70-69-75-76-78-117-84-81-126-82-83-102-101-63-119-96-109-87-86-85-88-110-104-125-89-92-99-65-47-49-53-118-48-46-94-112-111-107-127-93-95-123-97-42-40-98
Dane_TSP_127.xlsx,51,148491.79868643882,0.00034641698584891856,51-0-1-16-2-50-13-115-10-120-7-105-114-106-6-108-4-22-19-23-24-9-11-3-90-116-60-62-61-91-58-64-100-52-124-56-5-121-57-54-45-103-44-35-36-37-41-14-12-31-27-30-43-34-39-38-26-25-33-122-28-29-32-80-79-77-18-21-17-20-15-72-8-67-73-74-68-71-70-69-75-76-78-117-84-81-126-82-83-102-101-63-119-96-109-87-86-85-88-110-59-125-89-92-99-65-113-66-55-47-49-53-118-48-46-94-112-111-107-127-93-95-123-97-42-40-104-98
Dane_TSP_127.xlsx,52,136948.51765413012,0.00033520901342853904,52-0-1-16-2-51-57-54-45-103-44-35-36-37-41-14-12-31-27-30-43-34-39-38-26-25-33-122-28-29-32-80-79-77-18-21-17-22-4-23-24-6-106-15-108-20-19-72-8-9-11-114-105-7-120-10-115-13-50-5-56-121-124-55-66-113-64-58-100-3-90-116-60-62-61-91-59-67-73-74-68-71-70-69-75-76-78-117-84-81-126-82-83-102-101-63-119-96-109-87-86-85-88-110-104-125-89-92-99-65-47-49-53-118-48-46-94-112-111-107-127-93-95-123-97-42-40-98
Dane_TSP_127.xlsx,53,136374.89967448826,0.0003380830166861415,53-0-1-16-2-51-57-54-45-103-44-35-36-37-41-14-12-31-27-30-43-34-39-38-26-25-33-122-28-29-32-80-79-77-18-21-17-22-4-23-24-6-106-15-108-20-19-72-8-9-11-114-105-7-120-10-115-13-50-5-56-121-52-124-55-66-113-64-58-100-3-90-116-60-62-61-91-59-67-73-74-68-71-70-69-75-76-78-117-84-81-126-82-83-102-101-63-119-96-109-87-86-85-88-110-104-125-89-92-99-65-47-49-118-48-46-94-112-111-107-127-93-95-123-97-42-40-98
Dane_TSP_127.xlsx,54,147394.74207519522,0.00034270898322574794,54-0-1-16-2-51-57-121-5-56-124-52-50-13-115-10-120-7-105-114-106-6-108-4-22-19-23-24-9-11-3-90-116-60-62-61-91-58-64-100-113-66-55-47-49-53-118-48-46-94-112-111-107-127-93-95-123-97-28-122-33-25-29-32-26-38-39-34-43-40-35-36-37-41-14-12-31-27-30-42-44-45-103-15-20-17-21-72-8-67-73-74-18-77-79-80-78-76-75-69-70-71-68-117-84-81-126-82-83-102-101-63-119-96-109-87-86-85-88-110-59-125-89-92-99-65-104-98
Dane_TSP_127.xlsx,55,147324.2554358271,0.00033883401192724705,55-0-1-16-2-51-57-54-45-103-44-35-36-37-41-14-12-31-27-30-43-34-39-38-26-25-33-122-28-29-32-80-79-77-18-21-17-22-4-23-24-6-106-15-108-20-19-72-8-9-11-114-105-7-120-10-115-13-50-5-56-121-52-124-47-49-53-118-48-46-94-112-111-107-127-93-95-123-97-42-40-3-90-116-60-62-61-91-58-64-100-113-66-65-89-92-99-125-59-67-73-74-68-71-70-69-75-76-78-117-84-81-126-82-83-102-101-63-119-96-109-87-86-85-88-110-104-98
Dane_TSP_127.xlsx,56,136174.76581158707,0.0003366659802850336,56-0-1-16-2-51-57-54-45-103-44-35-36-37-41-14-12-31-27-30-43-34-39-38-26-25-33-122-28-29-32-80-79-77-18-21-17-22-4-23-24-6-106-15-108-20-19-72-8-9-11-114-105-7-120-10-115-13-50-5-121-52-124-55-66-113-64-58-100-3-90-116-60-62-61-91-59-67-73-74-68-71-70-69-75-76-78-117-84-81-126-82-83-102-101-63-119-96-109-87-86-85-88-110-104-125-89-92-99-65-47-49-53-118-48-46-94-112-111-107-127-93-95-123-97-42-40-98
Dane_TSP_127.xlsx,57,147634.16586131614,0.00034237498766742647,57-0-1-16-2-51-121-5-56-124-52-50-13-115-10-120-7-105-114-106-6-108-4-22-19-23-24-9-11-3-90-116-60-62-61-91-58-64-100-113-66-55-47-49-53-118-48-46-94-112-111-107-127-93-95-123-97-28-122-33-25-29-32-26-38-39-34-43-40-35-36-37-41-14-12-31-27-30-42-44-45-103-54-15-20-17-21-72-8-67-73-74-18-77-79-80-78-76-75-69-70-71-68-117-84-81-126-82-83-102-101-63-119-96-109-87-86-85-88-110-59-125-89-92-99-65-104-98
Dane_TSP_127.xlsx,58,138375.75538090387,0.00033387498115189373,58-0-1-16-2-51-57-54-45-103-44-35-36-37-41-14-12-31-27-30-43-34-39-38-26-25-33-122-28-29-32-80-79-77-18-21-17-22-4-23-24-6-106-15-108-20-19-72-8-9-11-114-105-7-120-10-115-13-50-5-56-121-52-124-55-66-113-64-100-3-90-116-60-62-61-91-59-67-73-74-68-71-70-69-75-76-78-117-84-81-126-82-83-102-101-63-119-96-109-87-86-85-88-110-104-125-89-92-99-65-47-49-53-118-48-46-94-112-111-107-127-93-95-123-97-42-40-98
Dane_TSP_127.xlsx,59,138270.04907427065,0.00034158400376327336,59-0-1-16-2-51-57-54-45-103-44-35-36-37-41-14-12-31-27-30-43-34-39-38-26-25-33-122-28-29-32-80-79-77-18-21-17-22-4-23-24-6-106-15-108-20-19-72-8-9-11-114-105-7-120-10-115-13-50-5-56-121-52-124-55-66-113-64-58-100-3-90-116-60-62-61-91-67-73-74-68-71-70-69-75-76-78-117-84-81-126-82-83-102-101-63-119-96-109-87-86-85-88-110-104-125-89-92-99-65-47-49-53-118-48-46-94-112-111-107-127-93-95-123-97-42-40-98
Dane_TSP_127.xlsx,60,138501.43484314298,0.00034137500915676355,60-0-1-16-2-51-57-54-45-103-44-35-36-37-41-14-12-31-27-30-43-34-39-38-26-25-33-122-28-29-32-80-79-77-18-21-17-22-4-23-24-6-106-15-108-20-19-72-8-9-11-114-105-7-120-10-115-13-50-5-56-121-52-124-55-66-113-64-58-100-3-90-116-61-62-91-59-67-73-74-68-71-70-69-75-76-78-117-84-81-126-82-83-102-101-63-119-96-109-87-86-85-88-110-104-125-89-92-99-65-47-49-53-118-48-46-94-112-111-107-127-93-95-123-97-42-40-98
Dane_TSP_127.xlsx,61,138403.68074613088,0.00034866700298152864,61-0-1-16-2-51-57-54-45-103-44-35-36-37-41-14-12-31-27-30-43-34-39-38-26-25-33-122-28-29-32-80-79-77-18-21-17-22-4-23-24-6-106-15-108-20-19-72-8-9-11-114-105-7-120-10-115-13-50-5-56-121-52-124-55-66-113-64-58-100-3-90-116-60-62-91-59-67-73-74-68-71-70-69-75-76-78-117-84-81-126-82-83-102-101-63-119-96-109-87-86-85-88-110-104-125-89-92-99-65-47-49-53-118-48-46-94-112-111-107-127-93-95-123-97-42-40-98
Dane_TSP_127.xlsx,62,138391.6730506698,0.00035349998506717384,62-0-1-16-2-51-57-54-45-103-44-35-36-37-41-14-12-31-27-30-43-34-39-38-26-25-33-122-28-29-32-80-79-77-18-21-17-22-4-23-24-6-106-15-108-20-19-72-8-9-11-114-105-7-120-10-115-13-50-5-56-121-52-124-55-66-113-64-58-100-3-90-116-60-61-91-59-67-73-74-68-71-70-69-75-76-78-117-84-81-126-82-83-102-101-63-119-96-109-87-86-85-88-110-104-125-89-92-99-65-47-49-53-118-48-46-94-112-111-107-127-93-95-123-97-42-40-98
Dane_TSP_127.xlsx,63,138111.73608378018,0.0003378340043127537,63-0-1-16-2-51-57-54-45-103-44-35-36-37-41-14-12-31-27-30-43-34-39-38-26-25-33-122-28-29-32-80-79-77-18-21-17-22-4-23-24-6-106-15-108-20-19-72-8-9-11-114-105-7-120-10-115-13-50-5-56-121-52-124-55-66-113-64-58-100-3-90-116-60-62-61-91-59-67-73-74-68-71-70-69-75-76-78-117-84-81-126-82-83-102-101-119-96-109-87-86-85-88-110-104-125-89-92-99-65-47-49-53-118-48-46-94-112-111-107-127-93-95-123-97-42-40-98
Dane_TSP_127.xlsx,64,138513.7019944504,0.0003362499992363155,64-0-1-16-2-51-57-54-45-103-44-35-36-37-41-14-12-31-27-30-43-34-39-38-26-25-33-122-28-29-32-80-79-77-18-21-17-22-4-23-24-6-106-15-108-20-19-72-8-9-11-114-105-7-120-10-115-13-50-5-56-121-52-124-55-66-113-58-100-3-90-116-60-62-61-91-59-67-73-74-68-71-70-69-75-76-78-117-84-81-126-82-83-102-101-63-119-96-109-87-86-85-88-110-104-125-89-92-99-65-47-49-53-118-48-46-94-112-111-107-127-93-95-123-97-42-40-98
Dane_TSP_127.xlsx,65,140831.69860735713,0.0003382079885341227,65-0-1-16-2-51-57-54-45-103-44-35-36-37-41-14-12-31-27-30-43-34-39-38-26-25-33-122-28-29-32-80-79-77-18-21-17-22-4-23-24-6-106-15-108-20-19-72-8-9-11-114-105-7-120-10-115-13-50-5-56-121-52-124-55-66-113-64-58-100-3-90-116-60-62-61-91-59-67-73-74-68-71-70-69-75-76-78-117-84-81-126-82-83-102-101-63-119-96-109-87-86-85-88-110-104-125-89-92-99-47-49-53-118-48-46-94-112-111-107-127-93-95-123-97-42-40-98
Dane_TSP_127.xlsx,66,147846.26290902979,0.0003400830028112978,66-0-1-16-2-51-57-54-45-103-44-35-36-37-41-14-12-31-27-30-43-34-39-38-26-25-33-122-28-29-32-80-79-77-18-21-17-22-4-23-24-6-106-15-108-20-19-72-8-9-11-114-105-7-120-10-115-13-50-5-56-121-52-124-55-47-49-53-118-48-46-94-112-111-107-127-93-95-123-97-42-40-3-90-116-60-62-61-91-58-64-100-113-125-89-92-99-65-59-67-73-74-68-71-70-69-75-76-78-117-84-81-126-82-83-102-101-63-119-96-109-87-86-85-88-110-104-98
Dane_TSP_127.xlsx,67,137399.34730283872,0.0003362499992363155,67-0-1-16-2-51-57-54-45-103-44-35-36-37-41-14-12-31-27-30-43-34-39-38-26-25-33-122-28-29-32-80-79-77-18-21-17-22-4-23-24-6-106-15-108-20-19-72-8-9-11-114-105-7-120-10-115-13-50-5-56-121-52-124-55-66-113-64-58-100-3-90-116-60-62-61-91-59-73-74-68-71-70-69-75-76-78-117-84-81-126-82-83-102-101-63-119-96-109-87-86-85-88-110-104-125-89-92-99-65-47-49-53-118-48-46-94-112-111-107-127-93-95-123-97-42-40-98
Dane_TSP_127.xlsx,68,161273.31103196478,0.0003382090071681887,68-0-1-16-2-51-57-54-45-103-44-35-36-37-41-14-12-31-27-30-43-34-39-38-26-25-33-122-28-29-32-80-79-77-18-21-17-22-4-23-24-6-106-15-108-20-19-72-8-9-11-114-105-7-120-10-115-13-50-5-56-121-52-124-55-66-113-64-58-100-3-90-116-60-62-61-91-59-67-73-74-76-78-117-84-81-126-82-83-75-69-70-71-110-109-96-88-87-86-85-119-63-102-101-97-123-95-93-127-94-46-118-48-53-49-47-112-111-107-40-42-125-89-92-99-65-104-98
Dane_TSP_127.xlsx,69,137152.83303505127,0.0003418329870328307,69-0-1-16-2-51-57-54-45-103-44-35-36-37-41-14-12-31-27-30-43-34-39-38-26-25-33-122-28-29-32-80-79-77-18-21-17-22-4-23-24-6-106-15-108-20-19-72-8-9-11-114-105-7-120-10-115-13-50-5-56-121-52-124-55-66-113-64-58-100-3-90-116-60-62-61-91-59-67-73-74-68-71-70-75-76-78-117-84-81-126-82-83-102-101-63-119-96-109-87-86-85-88-110-104-125-89-92-99-65-47-49-53-118-48-46-94-112-111-107-127-93-95-123-97-42-40-98
Dane_TSP_127.xlsx,70,137801.85208555765,0.0003392919898033142,70-0-1-16-2-51-57-54-45-103-44-35-36-37-41-14-12-31-27-30-43-34-39-38-26-25-33-122-28-29-32-80-79-77-18-21-17-22-4-23-24-6-106-15-108-20-19-72-8-9-11-114-105-7-120-10-115-13-50-5-56-121-52-124-55-66-113-64-58-100-3-90-116-60-62-61-91-59-67-73-74-68-71-69-75-76-78-117-84-81-126-82-83-102-101-63-119-96-109-87-86-85-88-110-104-125-89-92-99-65-47-49-53-118-48-46-94-112-111-107-127-93-95-123-97-42-40-98
Dane_TSP_127.xlsx,71,137378.78841112074,0.00034520900226198137,71-0-1-16-2-51-57-54-45-103-44-35-36-37-41-14-12-31-27-30-43-34-39-38-26-25-33-122-28-29-32-80-79-77-18-21-17-22-4-23-24-6-106-15-108-20-19-72-8-9-11-114-105-7-120-10-115-13-50-5-56-121-52-124-55-66-113-64-58-100-3-90-116-60-62-61-91-59-67-73-74-68-70-69-75-76-78-117-84-81-126-82-83-102-101-63-119-96-109-87-86-85-88-110-104-125-89-92-99-65-47-49-53-118-48-46-94-112-111-107-127-93-95-123-97-42-40-98
Dane_TSP_127.xlsx,72,136410.22040690325,0.0003412910155020654,72-0-1-16-2-51-57-54-45-103-44-35-36-37-41-14-12-31-27-30-43-34-39-38-26-25-33-122-28-29-32-80-79-77-18-21-17-22-4-23-24-6-106-15-108-20-19-8-9-11-114-105-7-120-10-115-13-50-5-56-121-52-124-55-66-113-64-58-100-3-90-116-60-62-61-91-59-67-73-74-68-71-70-69-75-76-78-117-84-81-126-82-83-102-101-63-119-96-109-87-86-85-88-110-104-125-89-92-99-65-47-49-53-118-48-46-94-112-111-107-127-93-95-123-97-42-40-98
Dane_TSP_127.xlsx,73,136979.95410700483,0.00033558299764990807,73-0-1-16-2-51-57-54-45-103-44-35-36-37-41-14-12-31-27-30-43-34-39-38-26-25-33-122-28-29-32-80-79-77-18-21-17-22-4-23-24-6-106-15-108-20-19-72-8-9-11-114-105-7-120-10-115-13-50-5-56-121-52-124-55-66-113-64-58-100-3-90-116-60-62-61-91-59-67-74-68-71-70-69-75-76-78-117-84-81-126-82-83-102-101-63-119-96-109-87-86-85-88-110-104-125-89-92-99-65-47-49-53-118-48-46-94-112-111-107-127-93-95-123-97-42-40-98
Dane_TSP_127.xlsx,74,136309.96648694223,0.0003359580005053431,74-0-1-16-2-51-57-54-45-103-44-35-36-37-41-14-12-31-27-30-43-34-39-38-26-25-33-122-28-29-32-80-79-77-18-21-17-22-4-23-24-6-106-15-108-20-19-72-8-9-11-114-105-7-120-10-115-13-50-5-56-121-52-124-55-66-113-64-58-100-3-90-116-60-62-61-91-59-67-73-68-71-70-69-75-76-78-117-84-81-126-82-83-102-101-63-119-96-109-87-86-85-88-110-104-125-89-92-99-65-47-49-53-118-48-46-94-112-111-107-127-93-95-123-97-42-40-98
Dane_TSP_127.xlsx,75,136128.96424867198,0.00034404100733809173,75-0-1-16-2-51-57-54-45-103-44-35-36-37-41-14-12-31-27-30-43-34-39-38-26-25-33-122-28-29-32-80-79-77-18-21-17-22-4-23-24-6-106-15-108-20-19-72-8-9-11-114-105-7-120-10-115-13-50-5-56-121-52-124-55-66-113-64-58-100-3-90-116-60-62-61-91-59-67-73-74-68-71-70-69-76-78-117-84-81-126-82-83-102-101-63-119-96-109-87-86-85-88-110-104-125-89-92-99-65-47-49-53-118-48-46-94-112-111-107-127-93-95-123-97-42-40-98
Dane_TSP_127.xlsx,76,137246.21849757846,0.00033520799479447305,76-0-1-16-2-51-57-54-45-103-44-35-36-37-41-14-12-31-27-30-43-34-39-38-26-25-33-122-28-29-32-80-79-77-18-21-17-22-4-23-24-6-106-15-108-20-19-72-8-9-11-114-105-7-120-10-115-13-50-5-56-121-52-124-55-66-113-64-58-100-3-90-116-60-62-61-91-59-67-73-74-68-71-70-69-75-84-81-117-78-126-82-83-102-101-63-119-96-109-87-86-85-88-110-104-125-89-92-99-65-47-49-53-118-48-46-94-112-111-107-127-93-95-123-97-42-40-98
Dane_TSP_127.xlsx,77,135822.08208823536,0.0003382079885341227,77-0-1-16-2-51-57-54-45-103-44-35-36-37-41-14-12-31-27-30-43-34-39-38-26-25-33-122-28-29-32-80-79-18-21-17-22-4-23-24-6-106-15-108-20-19-72-8-9-11-114-105-7-120-10-115-13-50-5-56-121-52-124-55-66-113-64-58-100-3-90-116-60-62-61-91-59-67-73-74-68-71-70-69-75-76-78-117-84-81-126-82-83-102-101-63-119-96-109-87-86-85-88-110-104-125-89-92-99-65-47-49-53-118-48-46-94-112-111-107-127-93-95-123-97-42-40-98
Dane_TSP_127.xlsx,78,134962.68740171514,0.00033608300145715475,78-0-1-16-2-51-57-54-45-103-44-35-36-37-41-14-12-31-27-30-43-34-39-38-26-25-33-122-28-29-32-80-79-77-18-21-17-22-4-23-24-6-106-15-108-20-19-72-8-9-11-114-105-7-120-10-115-13-50-5-56-121-52-124-55-66-113-64-58-100-3-90-116-60-62-61-91-59-67-73-74-68-71-70-69-75-76-117-84-81-126-82-83-102-101-63-119-96-109-87-86-85-88-110-104-125-89-92-99-65-47-49-53-118-48-46-94-112-111-107-127-93-95-123-97-42-40-98
Dane_TSP_127.xlsx,79,154979.34994283822,0.0003825420280918479,79-0-1-16-2-51-57-54-45-103-44-35-36-37-41-14-12-31-27-30-43-34-39-38-26-25-33-122-28-29-32-80-78-76-75-69-70-71-68-73-74-18-77-21-17-22-4-23-24-6-106-15-108-20-19-72-8-9-11-114-105-7-120-10-115-13-50-5-56-121-52-124-55-66-113-64-58-100-3-90-116-60-62-61-91-59-67-110-109-96-88-87-86-85-119-63-82-83-126-81-84-117-42-40-95-123-97-93-127-94-46-118-48-53-49-47-112-111-107-65-89-92-99-125-104-102-101-98
Dane_TSP_127.xlsx,80,140580.516752771,0.00034766699536703527,80-0-1-16-2-51-57-54-45-103-44-35-36-37-41-14-12-31-27-30-43-34-39-38-26-25-33-122-28-29-32-42-40-7-105-114-106-6-108-4-22-19-23-24-9-11-3-10-120-13-115-50-5-56-121-52-124-55-66-113-64-58-100-91-61-62-60-116-90-59-67-73-74-18-77-21-17-20-15-72-8-68-71-70-69-75-76-78-117-84-81-126-82-83-102-101-63-119-96-109-87-86-85-88-110-104-125-89-92-99-65-47-49-53-118-48-46-94-112-111-107-127-93-95-123-97-79-98
Dane_TSP_127.xlsx,81,134985.47650703436,0.00036608398659154773,81-0-1-16-2-51-57-54-45-103-44-35-36-37-41-14-12-31-27-30-43-34-39-38-26-25-33-122-28-29-32-80-79-77-18-21-17-22-4-23-24-6-106-15-108-20-19-72-8-9-11-114-105-7-120-10-115-13-50-5-56-121-52-124-55-66-113-64-58-100-3-90-116-60-62-61-91-59-67-73-74-68-71-70-69-75-76-78-117-84-126-82-83-102-101-63-119-96-109-87-86-85-88-110-104-125-89-92-99-65-47-49-53-118-48-46-94-112-111-107-127-93-95-123-97-42-40-98
Dane_TSP_127.xlsx,82,134315.3590886579,0.000441916985437274,82-0-1-16-2-51-57-54-45-103-44-35-36-37-41-14-12-31-27-30-43-34-39-38-26-25-33-122-28-29-32-80-79-77-18-21-17-22-4-23-24-6-106-15-108-20-19-72-8-9-11-114-105-7-120-10-115-13-50-5-56-121-52-124-55-66-113-64-58-100-3-90-116-60-62-61-91-59-67-73-74-68-71-70-69-75-76-78-117-84-81-126-83-102-101-63-119-96-109-87-86-85-88-110-104-125-89-92-99-65-47-49-53-118-48-46-94-112-111-107-127-93-95-123-97-42-40-98
Dane_TSP_127.xlsx,83,130191.9097873204,0.0003403330047149211,83-0-1-16-2-51-57-54-45-103-44-35-36-37-41-14-12-31-27-30-43-34-39-38-26-25-33-122-28-29-32-80-79-77-18-21-17-22-4-23-24-6-106-15-108-20-19-72-8-9-11-114-105-7-120-10-115-13-50-5-56-121-52-124-55-66-113-64-58-100-3-90-116-60-62-61-91-59-67-73-74-68-71-70-69-75-76-78-117-84-81-126-82-63-119-96-109-87-86-85-88-110-104-125-89-92-99-65-47-49-53-118-48-46-94-112-111-107-127-93-95-123-97-42-40-98-101-102
Dane_TSP_127.xlsx,84,135006.51326435985,0.00042062500142492354,84-0-1-16-2-51-57-54-45-103-44-35-36-37-41-14-12-31-27-30-43-34-39-38-26-25-33-122-28-29-32-80-79-77-18-21-17-22-4-23-24-6-106-15-108-20-19-72-8-9-11-114-105-7-120-10-115-13-50-5-56-121-52-124-55-66-113-64-58-100-3-90-116-60-62-61-91-59-67-73-74-68-71-70-69-75-76-78-117-81-126-82-83-102-101-63-119-96-109-87-86-85-88-110-104-125-89-92-99-65-47-49-53-118-48-46-94-112-111-107-127-93-95-123-97-42-40-98
Dane_TSP_127.xlsx,85,140717.67749567406,0.00040095800068229437,85-0-1-16-2-51-57-54-45-103-44-35-36-37-41-14-12-31-27-30-43-34-39-38-26-25-33-122-28-29-32-80-79-77-18-21-17-22-4-23-24-6-106-15-108-20-19-72-8-9-11-114-105-7-120-10-115-13-50-5-56-121-52-124-55-66-113-64-58-100-3-90-116-60-62-61-91-59-67-73-74-68-71-70-69-75-76-78-117-84-81-126-82-83-102-101-63-119-96-109-87-86-88-110-104-125-89-92-99-65-47-49-53-118-48-46-94-112-111-107-127-93-95-123-97-42-40-98
Dane_TSP_127.xlsx,86,140521.2094425342,0.00038537499494850636,86-0-1-16-2-51-57-54-45-103-44-35-36-37-41-14-12-31-27-30-43-34-39-38-26-25-33-122-28-29-32-80-79-77-18-21-17-22-4-23-24-6-106-15-108-20-19-72-8-9-11-114-105-7-120-10-115-13-50-5-56-121-52-124-55-66-113-64-58-100-3-90-116-60-62-61-91-59-67-73-74-68-71-70-69-75-76-78-117-84-81-126-82-83-102-101-63-119-96-109-87-88-85-110-104-125-89-92-99-65-47-49-53-118-48-46-94-112-111-107-127-93-95-123-97-42-40-98
Dane_TSP_127.xlsx,87,141232.3001858188,0.0003429159987717867,87-0-1-16-2-51-57-54-45-103-44-35-36-37-41-14-12-31-27-30-43-34-39-38-26-25-33-122-28-29-32-80-79-77-18-21-17-22-4-23-24-6-106-15-108-20-19-72-8-9-11-114-105-7-120-10-115-13-50-5-56-121-52-124-55-66-113-64-58-100-3-90-116-60-62-61-91-59-67-73-74-68-71-70-69-75-76-78-117-84-81-126-82-83-102-101-63-119-96-109-110-85-86-88-104-125-89-92-99-65-47-49-53-118-48-46-94-112-111-107-127-93-95-123-97-42-40-98
Dane_TSP_127.xlsx,88,139945.2977596671,0.0003363340219948441,88-0-1-16-2-51-57-54-45-103-44-35-36-37-41-14-12-31-27-30-43-34-39-38-26-25-33-122-28-29-32-80-79-77-18-21-17-22-4-23-24-6-106-15-108-20-19-72-8-9-11-114-105-7-120-10-115-13-50-5-56-121-52-124-55-66-113-64-58-100-3-90-116-60-62-61-91-59-67-73-74-68-71-70-69-75-76-78-117-84-81-126-82-83-102-101-63-119-96-109-87-86-85-110-104-125-89-92-99-65-47-49-53-118-48-46-94-112-111-107-127-93-95-123-97-42-40-98
Dane_TSP_127.xlsx,89,141705.71818916505,0.0003358340181875974,89-0-1-16-2-51-57-54-45-103-44-35-36-37-41-14-12-31-27-30-43-34-39-38-26-25-33-122-28-29-32-80-79-77-18-21-17-22-4-23-24-6-106-15-108-20-19-72-8-9-11-114-105-7-120-10-115-13-50-5-56-121-52-124-55-66-113-64-58-100-3-90-116-60-62-61-91-59-67-73-74-68-71-70-69-75-76-78-117-84-81-126-82-83-102-101-63-119-96-109-87-86-85-88-110-104-125-92-99-65-47-49-53-118-48-46-94-112-111-107-127-93-95-123-97-42-40-98
Dane_TSP_127.xlsx,90,138005.9999945909,0.00033558299764990807,90-0-1-16-2-51-57-54-45-103-44-35-36-37-41-14-12-31-27-30-43-34-39-38-26-25-33-122-28-29-32-80-79-77-18-21-17-22-4-23-24-6-106-15-108-20-19-72-8-9-11-114-105-7-120-10-115-13-50-5-56-121-52-124-55-66-113-64-58-100-3-116-60-62-61-91-59-67-73-74-68-71-70-69-75-76-78-117-84-81-126-82-83-102-101-63-119-96-109-87-86-85-88-110-104-125-89-92-99-65-47-49-53-118-48-46-94-112-111-107-127-93-95-123-97-42-40-98
Dane_TSP_127.xlsx,91,138035.86031644433,0.00033404200803488493,91-0-1-16-2-51-57-54-45-103-44-35-36-37-41-14-12-31-27-30-43-34-39-38-26-25-33-122-28-29-32-80-79-77-18-21-17-22-4-23-24-6-106-15-108-20-19-72-8-9-11-114-105-7-120-10-115-13-50-5-56-121-52-124-55-66-113-64-58-100-3-90-116-60-62-61-59-67-73-74-68-71-70-69-75-76-78-117-84-81-126-82-83-102-101-63-119-96-109-87-86-85-88-110-104-125-89-92-99-65-47-49-53-118-48-46-94-112-111-107-127-93-95-123-97-42-40-98
Dane_TSP_127.xlsx,92,142065.46895737175,0.00033462498686276376,92-0-1-16-2-51-57-54-45-103-44-35-36-37-41-14-12-31-27-30-43-34-39-38-26-25-33-122-28-29-32-80-79-77-18-21-17-22-4-23-24-6-106-15-108-20-19-72-8-9-11-114-105-7-120-10-115-13-50-5-56-121-52-124-55-66-113-64-58-100-3-90-116-60-62-61-91-59-67-73-74-68-71-70-69-75-76-78-117-84-81-126-82-83-102-101-63-119-96-109-87-86-85-88-110-104-125-89-99-65-47-49-53-118-48-46-94-112-111-107-127-93-95-123-97-42-40-98
Dane_TSP_127.xlsx,93,132418.08456071827,0.00033670899574644864,93-0-1-16-2-51-57-54-45-103-44-35-36-37-41-14-12-31-27-30-43-34-39-38-26-25-33-122-28-29-32-80-79-77-18-21-17-22-4-23-24-6-106-15-108-20-19-72-8-9-11-114-105-7-120-10-115-13-50-5-56-121-52-124-55-66-113-64-58-100-3-90-116-60-62-61-91-59-67-73-74-68-71-70-69-75-76-78-117-84-81-126-82-83-102-101-63-119-96-109-87-86-85-88-110-104-125-89-92-99-65-47-49-53-118-48-46-94-112-111-107-127-95-123-97-42-40-98
Dane_TSP_127.xlsx,94,135158.74195100946,0.0003368339966982603,94-0-1-16-2-51-57-54-45-103-44-35-36-37-41-14-12-31-27-30-43-34-39-38-26-25-33-122-28-29-32-80-79-77-18-21-17-22-4-23-24-6-106-15-108-20-19-72-8-9-11-114-105-7-120-10-115-13-50-5-56-121-52-124-55-66-113-64-58-100-3-90-116-60-62-61-91-59-67-73-74-68-71-70-69-75-76-78-117-84-81-126-82-83-102-101-63-119-96-109-87-86-85-88-110-104-125-89-92-99-65-47-49-53-118-48-46-112-111-107-127-93-95-123-97-42-40-98
Dane_TSP_127.xlsx,95,132286.23836824408,0.00033541599987074733,95-0-1-16-2-51-57-54-45-103-44-35-36-37-41-14-12-31-27-30-43-34-39-38-26-25-33-122-28-29-32-80-79-77-18-21-17-22-4-23-24-6-106-15-108-20-19-72-8-9-11-114-105-7-120-10-115-13-50-5-56-121-52-124-55-66-113-64-58-100-3-90-116-60-62-61-91-59-67-73-74-68-71-70-69-75-76-78-117-84-81-126-82-83-102-101-63-119-96-109-87-86-85-88-110-104-125-89-92-99-65-47-49-53-118-48-46-94-112-111-107-127-93-123-97-42-40-98
Dane_TSP_127.xlsx,96,139354.2366909603,0.0003412910155020654,96-0-1-16-2-51-57-54-45-103-44-35-36-37-41-14-12-31-27-30-43-34-39-38-26-25-33-122-28-29-32-80-79-77-18-21-17-22-4-23-24-6-106-15-108-20-19-72-8-9-11-114-105-7-120-10-115-13-50-5-56-121-52-124-55-66-113-64-58-100-3-90-116-60-62-61-91-59-67-73-74-68-71-70-69-75-76-78-117-84-81-126-82-83-102-101-63-119-109-87-86-85-88-110-104-125-89-92-99-65-47-49-53-118-48-46-94-112-111-107-127-93-95-123-97-42-40-98
Dane_TSP_127.xlsx,97,127109.1547898378,0.00033391700708307326,97-0-1-16-2-51-57-54-45-103-44-35-36-37-41-14-12-31-27-30-43-34-39-38-26-25-33-122-28-29-32-80-79-77-18-21-17-22-4-23-24-6-106-15-108-20-19-72-8-9-11-114-105-7-120-10-115-13-50-5-56-121-52-124-55-66-113-64-58-100-3-90-116-60-62-61-91-59-67-73-74-68-71-70-69-75-76-78-117-84-81-126-82-83-102-101-63-119-96-109-87-86-85-88-110-104-125-89-92-99-65-47-49-53-118-48-46-94-112-111-107-127-93-95-123-42-40-98
Dane_TSP_127.xlsx,98,123847.15992703538,0.0003397089894860983,98-0-1-16-2-51-57-54-45-103-44-35-36-37-41-14-12-31-27-30-43-34-39-38-26-25-33-122-28-29-32-80-79-77-18-21-17-22-4-23-24-6-106-15-108-20-19-72-8-9-11-114-105-7-120-10-115-13-50-5-56-121-52-124-55-66-113-64-58-100-3-90-116-60-62-61-91-59-67-73-74-68-71-70-69-75-76-78-117-84-81-126-82-83-102-101-63-119-96-109-87-86-85-88-110-104-125-89-92-99-65-47-49-53-118-48-46-94-112-111-107-127-93-95-123-97-42-40
Dane_TSP_127.xlsx,99,141848.24363739093,0.00034904098720289767,99-0-1-16-2-51-57-54-45-103-44-35-36-37-41-14-12-31-27-30-43-34-39-38-26-25-33-122-28-29-32-80-79-77-18-21-17-22-4-23-24-6-106-15-108-20-19-72-8-9-11-114-105-7-120-10-115-13-50-5-56-121-52-124-55-66-113-64-58-100-3-90-116-60-62-61-91-59-67-73-74-68-71-70-69-75-76-78-117-84-81-126-82-83-102-101-63-119-96-109-87-86-85-88-110-104-125-89-92-65-47-49-53-118-48-46-94-112-111-107-127-93-95-123-97-42-40-98
Dane_TSP_127.xlsx,100,137928.02650295914,0.0003337500093039125,100-0-1-16-2-51-57-54-45-103-44-35-36-37-41-14-12-31-27-30-43-34-39-38-26-25-33-122-28-29-32-80-79-77-18-21-17-22-4-23-24-6-106-15-108-20-19-72-8-9-11-114-105-7-120-10-115-13-50-5-56-121-52-124-55-66-113-64-58-91-61-62-60-116-90-3-59-67-73-74-68-71-70-69-75-76-78-117-84-81-126-82-83-102-101-63-119-96-109-87-86-85-88-110-104-125-89-92-99-65-47-49-53-118-48-46-94-112-111-107-127-93-95-123-97-42-40-98
Dane_TSP_127.xlsx,101,130945.62743415961,0.000335541000822559,101-0-1-16-2-51-57-54-45-103-44-35-36-37-41-14-12-31-27-30-43-34-39-38-26-25-33-122-28-29-32-80-79-77-18-21-17-22-4-23-24-6-106-15-108-20-19-72-8-9-11-114-105-7-120-10-115-13-50-5-56-121-52-124-55-66-113-64-58-100-3-90-116-60-62-61-91-59-67-73-74-68-71-70-69-75-76-78-117-84-81-126-82-83-102-63-119-96-109-87-86-85-88-110-104-125-89-92-99-65-47-49-53-118-48-46-94-112-111-107-127-93-95-123-97-42-40-98
Dane_TSP_127.xlsx,102,127172.74102697865,0.0003346670127939433,102-0-1-16-2-51-57-54-45-103-44-35-36-37-41-14-12-31-27-30-43-34-39-38-26-25-33-122-28-29-32-80-79-77-18-21-17-22-4-23-24-6-106-15-108-20-19-72-8-9-11-114-105-7-120-10-115-13-50-5-56-121-52-124-55-66-113-64-58-100-3-90-116-60-62-61-91-59-67-73-74-68-71-70-69-75-76-78-117-84-81-126-82-83-63-119-96-109-87-86-85-88-110-104-125-89-92-99-65-47-49-53-118-48-46-94-112-111-107-127-93-95-123-97-42-40-98-101
Dane_TSP_127.xlsx,103,134228.92607548254,0.00033424998400732875,103-0-1-16-2-51-57-54-45-44-35-36-37-41-14-12-31-27-30-43-34-39-38-26-25-33-122-28-29-32-80-79-77-18-21-17-22-4-23-24-6-106-15-108-20-19-72-8-9-11-114-105-7-120-10-115-13-50-5-56-121-52-124-55-66-113-64-58-100-3-90-116-60-62-61-91-59-67-73-74-68-71-70-69-75-76-78-117-84-81-126-82-83-102-101-63-119-96-109-87-86-85-88-110-104-125-89-92-99-65-47-49-53-118-48-46-94-112-111-107-127-93-95-123-97-42-40-98
Dane_TSP_127.xlsx,104,140852.2065423911,0.00033325000549666584,104-0-1-16-2-51-57-54-45-103-44-35-36-37-41-14-12-31-27-30-43-34-39-38-26-25-33-122-28-29-32-80-79-77-18-21-17-22-4-23-24-6-106-15-108-20-19-72-8-9-11-114-105-7-120-10-115-13-50-5-56-121-52-124-55-66-113-64-58-100-3-90-116-60-62-61-91-59-67-73-74-68-71-70-69-75-76-78-117-84-81-126-82-83-102-101-63-119-96-109-87-86-85-88-110-125-89-92-99-65-47-49-53-118-48-46-94-112-111-107-127-93-95-123-97-42-40-98
Dane_TSP_127.xlsx,105,136068.7540305482,0.0003352499916218221,105-0-1-16-2-51-57-54-45-103-44-35-36-37-41-14-12-31-27-30-43-34-39-38-26-25-33-122-28-29-32-80-79-77-18-21-17-22-4-23-24-6-106-15-108-20-19-72-8-9-11-114-7-120-10-115-13-50-5-56-121-52-124-55-66-113-64-58-100-3-90-116-60-62-61-91-59-67-73-74-68-71-70-69-75-76-78-117-84-81-126-82-83-102-101-63-119-96-109-87-86-85-88-110-104-125-89-92-99-65-47-49-53-118-48-46-94-112-111-107-127-93-95-123-97-42-40-98
Dane_TSP_127.xlsx,106,136327.0935212286,0.00036041601561009884,106-0-1-16-2-51-57-54-45-103-44-35-36-37-41-14-12-31-27-30-43-34-39-38-26-25-33-122-28-29-32-80-79-77-18-21-17-22-4-23-24-6-108-15-20-19-72-8-9-11-114-105-7-120-10-115-13-50-5-56-121-52-124-55-66-113-64-58-100-3-90-116-60-62-61-91-59-67-73-74-68-71-70-69-75-76-78-117-84-81-126-82-83-102-101-63-119-96-109-87-86-85-88-110-104-125-89-92-99-65-47-49-53-118-48-46-94-112-111-107-127-93-95-123-97-42-40-98
Dane_TSP_127.xlsx,107,132334.00259937192,0.00033645800431258976,107-0-1-16-2-51-57-54-45-103-44-35-36-37-41-14-12-31-27-30-43-34-39-38-26-25-33-122-28-29-32-80-79-77-18-21-17-22-4-23-24-6-106-15-108-20-19-72-8-9-11-114-105-7-120-10-115-13-50-5-56-121-52-124-55-66-113-64-58-100-3-90-116-60-62-61-91-59-67-73-74-68-71-70-69-75-76-78-117-84-81-126-82-83-102-101-63-119-96-109-87-86-85-88-110-104-125-89-92-99-65-47-49-53-118-48-46-94-112-111-93-95-123-97-42-40-127-98
Dane_TSP_127.xlsx,108,136071.59982969647,0.00033512499067001045,108-0-1-16-2-51-57-54-45-103-44-35-36-37-41-14-12-31-27-30-43-34-39-38-26-25-33-122-28-29-32-80-79-77-18-21-17-22-4-23-24-6-106-15-20-19-72-8-9-11-114-105-7-120-10-115-13-50-5-56-121-52-124-55-66-113-64-58-100-3-90-116-60-62-61-91-59-67-73-74-68-71-70-69-75-76-78-117-84-81-126-82-83-102-101-63-119-96-109-87-86-85-88-110-104-125-89-92-99-65-47-49-53-118-48-46-94-112-111-107-127-93-95-123-97-42-40-98
Dane_TSP_127.xlsx,109,138506.05616878497,0.00033354200422763824,109-0-1-16-2-51-57-54-45-103-44-35-36-37-41-14-12-31-27-30-43-34-39-38-26-25-33-122-28-29-32-80-79-77-18-21-17-22-4-23-24-6-106-15-108-20-19-72-8-9-11-114-105-7-120-10-115-13-50-5-56-121-52-124-55-66-113-64-58-100-3-90-116-60-62-61-91-59-67-73-74-68-71-70-69-75-76-78-117-84-81-126-82-83-102-101-63-119-96-88-87-86-85-110-104-125-89-92-99-65-47-49-53-118-48-46-94-112-111-107-127-93-95-123-97-42-40-98
Dane_TSP_127.xlsx,110,139137.39493353866,0.0003390840138308704,110-0-1-16-2-51-57-54-45-103-44-35-36-37-41-14-12-31-27-30-43-34-39-38-26-25-33-122-28-29-32-80-79-77-18-21-17-22-4-23-24-6-106-15-108-20-19-72-8-9-11-114-105-7-120-10-115-13-50-5-56-121-52-124-55-66-113-64-58-100-3-90-116-60-62-61-91-59-67-73-74-68-71-70-69-75-76-78-117-84-81-126-82-83-102-101-63-119-96-109-87-86-85-88-104-125-89-92-99-65-47-49-53-118-48-46-94-112-111-107-127-93-95-123-97-42-40-98
Dane_TSP_127.xlsx,111,141804.43831885816,0.0003359589900355786,111-0-1-16-2-51-57-54-45-103-44-35-36-37-41-14-12-31-27-30-43-34-39-38-26-25-33-122-28-29-32-80-79-77-18-21-17-22-4-23-24-6-106-15-108-20-19-72-8-9-11-114-105-7-120-10-115-13-50-5-56-121-52-124-55-66-113-64-58-100-3-90-116-60-62-61-91-59-67-73-74-68-71-70-69-75-76-78-117-84-81-126-82-83-102-101-63-119-96-109-87-86-85-88-110-104-125-89-92-99-65-47-49-53-118-48-46-94-112-93-95-123-97-42-40-127-107-98
Dane_TSP_127.xlsx,112,136992.91115902315,0.0003341249830555171,112-0-1-16-2-51-57-54-45-103-44-35-36-37-41-14-12-31-27-30-43-34-39-38-26-25-33-122-28-29-32-80-79-77-18-21-17-22-4-23-24-6-106-15-108-20-19-72-8-9-11-114-105-7-120-10-115-13-50-5-56-121-52-124-55-66-113-64-58-100-3-90-116-60-62-61-91-59-67-73-74-68-71-70-69-75-76-78-117-84-81-126-82-83-102-101-63-119-96-109-87-86-85-88-110-104-125-89-92-99-65-47-49-53-118-48-46-94-111-107-127-93-95-123-97-42-40-98
Dane_TSP_127.xlsx,113,138675.45686282316,0.00033749997965060174,113-0-1-16-2-51-57-54-45-103-44-35-36-37-41-14-12-31-27-30-43-34-39-38-26-25-33-122-28-29-32-80-79-77-18-21-17-22-4-23-24-6-106-15-108-20-19-72-8-9-11-114-105-7-120-10-115-13-50-5-56-121-52-124-55-66-64-58-100-3-90-116-60-62-61-91-59-67-73-74-68-71-70-69-75-76-78-117-84-81-126-82-83-102-101-63-119-96-109-87-86-85-88-110-104-125-89-92-99-65-47-49-53-118-48-46-94-112-111-107-127-93-95-123-97-42-40-98
Dane_TSP_127.xlsx,114,136794.0437509265,0.00033320800866931677,114-0-1-16-2-51-57-54-45-103-44-35-36-37-41-14-12-31-27-30-43-34-39-38-26-25-33-122-28-29-32-80-79-77-18-21-17-22-4-23-24-6-106-15-108-20-19-72-8-9-11-3-10-120-7-105-13-115-50-5-56-121-52-124-55-66-113-64-58-100-91-61-62-60-116-90-59-67-73-74-68-71-70-69-75-76-78-117-84-81-126-82-83-102-101-63-119-96-109-87-86-85-88-110-104-125-89-92-99-65-47-49-53-118-48-46-94-112-111-107-127-93-95-123-97-42-40-98
Dane_TSP_127.xlsx,115,136681.98760649073,0.0003320419928058982,115-0-1-16-2-51-57-54-45-103-44-35-36-37-41-14-12-31-27-30-43-34-39-38-26-25-33-122-28-29-32-80-79-77-18-21-17-22-4-23-24-6-106-15-108-20-19-72-8-9-11-114-105-7-120-10-13-50-5-56-121-52-124-55-66-113-64-58-100-3-90-116-60-62-61-91-59-67-73-74-68-71-70-69-75-76-78-117-84-81-126-82-83-102-101-63-119-96-109-87-86-85-88-110-104-125-89-92-99-65-47-49-53-118-48-46-94-112-111-107-127-93-95-123-97-42-40-98
Dane_TSP_127.xlsx,116,138034.60283824225,0.0003344999859109521,116-0-1-16-2-51-57-54-45-103-44-35-36-37-41-14-12-31-27-30-43-34-39-38-26-25-33-122-28-29-32-80-79-77-18-21-17-22-4-23-24-6-106-15-108-20-19-72-8-9-11-114-105-7-120-10-115-13-50-5-56-121-52-124-55-66-113-64-58-100-3-90-60-62-61-91-59-67-73-74-68-71-70-69-75-76-78-117-84-81-126-82-83-102-101-63-119-96-109-87-86-85-88-110-104-125-89-92-99-65-47-49-53-118-48-46-94-112-111-107-127-93-95-123-97-42-40-98
Dane_TSP_127.xlsx,117,134655.74257421854,0.0003347500169184059,117-0-1-16-2-51-57-54-45-103-44-35-36-37-41-14-12-31-27-30-43-34-39-38-26-25-33-122-28-29-32-80-79-77-18-21-17-22-4-23-24-6-106-15-108-20-19-72-8-9-11-114-105-7-120-10-115-13-50-5-56-121-52-124-55-66-113-64-58-100-3-90-116-60-62-61-91-59-67-73-74-68-71-70-69-75-76-78-84-81-126-82-83-102-101-63-119-96-109-87-86-85-88-110-104-125-89-92-99-65-47-49-53-118-48-46-94-112-111-107-127-93-95-123-97-42-40-98
Dane_TSP_127.xlsx,118,136491.02475413072,0.0003403340233489871,118-0-1-16-2-51-57-54-45-103-44-35-36-37-41-14-12-31-27-30-43-34-39-38-26-25-33-122-28-29-32-80-79-77-18-21-17-22-4-23-24-6-106-15-108-20-19-72-8-9-11-114-105-7-120-10-115-13-50-5-56-121-52-124-55-66-113-64-58-100-3-90-116-60-62-61-91-59-67-73-74-68-71-70-69-75-76-78-117-84-81-126-82-83-102-101-63-119-96-109-87-86-85-88-110-104-125-89-92-99-65-47-49-53-48-46-94-112-111-107-127-93-95-123-97-42-40-98
Dane_TSP_127.xlsx,119,139151.1910888729,0.00033483299193903804,119-0-1-16-2-51-57-54-45-103-44-35-36-37-41-14-12-31-27-30-43-34-39-38-26-25-33-122-28-29-32-80-79-77-18-21-17-22-4-23-24-6-106-15-108-20-19-72-8-9-11-114-105-7-120-10-115-13-50-5-56-121-52-124-55-66-113-64-58-100-3-90-116-60-62-61-91-59-67-73-74-68-71-70-69-75-76-78-117-84-81-126-82-83-102-101-63-96-109-87-86-85-88-110-104-125-89-92-99-65-47-49-53-118-48-46-94-112-111-107-127-93-95-123-97-42-40-98
Dane_TSP_127.xlsx,120,136616.3694022371,0.00034191698068752885,120-0-1-16-2-51-57-54-45-103-44-35-36-37-41-14-12-31-27-30-43-34-39-38-26-25-33-122-28-29-32-80-79-77-18-21-17-22-4-23-24-6-106-15-108-20-19-72-8-9-11-114-105-7-13-115-50-5-56-121-52-124-55-66-113-64-58-100-10-3-90-116-60-62-61-91-59-67-73-74-68-71-70-69-75-76-78-117-84-81-126-82-83-102-101-63-119-96-109-87-86-85-88-110-104-125-89-92-99-65-47-49-53-118-48-46-94-112-111-107-127-93-95-123-97-42-40-98
Dane_TSP_127.xlsx,121,135820.10660746816,0.0003334170032758266,121-0-1-16-2-51-57-54-45-103-44-35-36-37-41-14-12-31-27-30-43-34-39-38-26-25-33-122-28-29-32-80-79-77-18-21-17-22-4-23-24-6-106-15-108-20-19-72-8-9-11-114-105-7-120-10-115-13-50-5-56-124-52-55-66-113-64-58-100-3-90-116-60-62-61-91-59-67-73-74-68-71-70-69-75-76-78-117-84-81-126-82-83-102-101-63-119-96-109-87-86-85-88-110-104-125-89-92-99-65-47-49-53-118-48-46-94-112-111-107-127-93-95-123-97-42-40-98
Dane_TSP_127.xlsx,122,137748.1390151389,0.0003560410114005208,122-0-1-16-2-51-57-54-45-103-44-35-36-37-41-14-12-31-27-30-43-34-39-38-26-25-33-29-32-28-42-40-7-105-114-106-6-108-4-22-19-23-24-9-11-3-10-120-13-115-50-5-56-121-52-124-55-66-113-64-58-100-91-61-62-60-116-90-59-67-73-74-18-77-21-17-20-15-72-8-68-71-70-69-75-76-78-117-84-81-126-82-83-102-101-63-119-96-109-87-86-85-88-110-104-125-89-92-99-65-47-49-53-118-48-46-94-112-111-107-127-93-95-123-97-80-79-98
Dane_TSP_127.xlsx,123,127190.20524168402,0.0003388339828234166,123-0-1-16-2-51-57-54-45-103-44-35-36-37-41-14-12-31-27-30-43-34-39-38-26-25-33-122-28-29-32-80-79-77-18-21-17-22-4-23-24-6-106-15-108-20-19-72-8-9-11-114-105-7-120-10-115-13-50-5-56-121-52-124-55-66-113-64-58-100-3-90-116-60-62-61-91-59-67-73-74-68-71-70-69-75-76-78-117-84-81-126-82-83-102-101-63-119-96-109-87-86-85-88-110-104-125-89-92-99-65-47-49-53-118-48-46-94-112-111-107-127-93-95-42-40-97-98
Dane_TSP_127.xlsx,124,137212.4643669923,0.0003335000074002892,124-0-1-16-2-51-57-54-45-103-44-35-36-37-41-14-12-31-27-30-43-34-39-38-26-25-33-122-28-29-32-80-79-77-18-21-17-22-4-23-24-6-106-15-108-20-19-72-8-9-11-114-105-7-120-10-115-13-50-5-56-121-52-55-66-113-64-58-100-3-90-116-60-62-61-91-59-67-73-74-68-71-70-69-75-76-78-117-84-81-126-82-83-102-101-63-119-96-109-87-86-85-88-110-104-125-89-92-99-65-47-49-53-118-48-46-94-112-111-107-127-93-95-123-97-42-40-98
Dane_TSP_127.xlsx,125,140294.34016943115,0.0006116669974289834,125-0-1-16-2-51-57-54-45-103-44-35-36-37-41-14-12-31-27-30-43-34-39-38-26-25-33-122-28-29-32-80-79-77-18-21-17-22-4-23-24-6-106-15-108-20-19-72-8-9-11-114-105-7-120-10-115-13-50-5-56-121-52-124-55-66-113-64-58-100-3-90-116-60-62-61-91-59-67-73-74-68-71-70-69-75-76-78-117-84-81-126-82-83-102-101-63-119-96-109-87-86-85-88-110-104-92-89-99-65-47-49-53-118-48-46-94-112-111-107-127-93-95-123-97-42-40-98
Dane_TSP_127.xlsx,126,134772.3705793078,0.0003415420069359243,126-0-1-16-2-51-57-54-45-103-44-35-36-37-41-14-12-31-27-30-43-34-39-38-26-25-33-122-28-29-32-80-79-77-18-21-17-22-4-23-24-6-106-15-108-20-19-72-8-9-11-114-105-7-120-10-115-13-50-5-56-121-52-124-55-66-113-64-58-100-3-90-116-60-62-61-91-59-67-73-74-68-71-70-69-75-76-78-117-84-81-82-83-102-101-63-119-96-109-87-86-85-88-110-104-125-89-92-99-65-47-49-53-118-48-46-94-112-111-107-127-93-95-123-97-42-40-98
Dane_TSP_127.xlsx,127,130918.75887886778,0.0003344580181874335,127-0-1-16-2-51-57-54-45-103-44-35-36-37-41-14-12-31-27-30-43-34-39-38-26-25-33-122-28-29-32-80-79-77-18-21-17-22-4-23-24-6-106-15-108-20-19-72-8-9-11-114-105-7-120-10-115-13-50-5-56-121-52-124-55-66-113-64-58-100-3-90-116-60-62-61-91-59-67-73-74-68-71-70-69-75-76-78-117-84-81-126-82-83-102-101-63-119-96-109-87-86-85-88-110-104-125-89-92-99-65-47-49-53-118-48-46-94-112-111-107-93-95-123-97-42-40-98
